/*
Navicat MySQL Data Transfer

Source Server         : localhost_3306
Source Server Version : 50626
Source Host           : localhost:3306
Source Database       : teachat_v2

Target Server Type    : MYSQL
Target Server Version : 50626
File Encoding         : 65001

Date: 2016-03-29 15:08:16
*/

SET FOREIGN_KEY_CHECKS=0;

-- ----------------------------
-- Table structure for tea_advisory
-- ----------------------------
DROP TABLE IF EXISTS `tea_advisory`;
CREATE TABLE `tea_advisory` (
  `id` int(11) NOT NULL AUTO_INCREMENT,
  `subject_id` varchar(11) DEFAULT NULL,
  `section` varchar(255) DEFAULT NULL,
  `created_at` datetime DEFAULT NULL,
  `updated_at` datetime DEFAULT NULL,
  `teacher_id` int(11) DEFAULT NULL,
  PRIMARY KEY (`id`)
) ENGINE=InnoDB DEFAULT CHARSET=latin1;

-- ----------------------------
-- Records of tea_advisory
-- ----------------------------

-- ----------------------------
-- Table structure for tea_announcement
-- ----------------------------
DROP TABLE IF EXISTS `tea_announcement`;
CREATE TABLE `tea_announcement` (
  `id` int(11) NOT NULL AUTO_INCREMENT,
  `user_id` int(11) DEFAULT NULL,
  `announceTo` int(11) DEFAULT NULL,
  `announcement` varchar(255) DEFAULT NULL,
  `created_at` datetime DEFAULT NULL ON UPDATE CURRENT_TIMESTAMP,
  `updated_at` datetime DEFAULT NULL ON UPDATE CURRENT_TIMESTAMP,
  `school_id` int(11) DEFAULT NULL,
  `announceTitle` varchar(255) DEFAULT NULL,
  PRIMARY KEY (`id`)
) ENGINE=InnoDB AUTO_INCREMENT=6 DEFAULT CHARSET=latin1;

-- ----------------------------
-- Records of tea_announcement
-- ----------------------------
INSERT INTO `tea_announcement` VALUES ('4', '18', '3', 'asdasdasd', '2016-03-14 17:04:42', '2016-03-14 17:04:42', '4', 'qqqq');
INSERT INTO `tea_announcement` VALUES ('5', '18', '0', 'asdasdasd', '2016-03-13 17:04:39', '2016-03-14 17:05:43', '4', 'asdasdasdasdasdasd');

-- ----------------------------
-- Table structure for tea_appointment
-- ----------------------------
DROP TABLE IF EXISTS `tea_appointment`;
CREATE TABLE `tea_appointment` (
  `id` int(11) NOT NULL AUTO_INCREMENT,
  `teacher_id` int(11) DEFAULT NULL,
  `parent_id` int(11) DEFAULT NULL,
  `appt_date` date DEFAULT NULL,
  `appt_stime` varchar(10) DEFAULT NULL,
  `appt_etime` varchar(10) DEFAULT NULL,
  `created_at` datetime DEFAULT NULL,
  `updated_at` datetime DEFAULT NULL,
  `file_id` int(11) DEFAULT NULL,
  `appt_title` varchar(255) DEFAULT NULL,
  `appt_desc` varchar(255) DEFAULT NULL,
  `appt_action` varchar(255) DEFAULT NULL,
  `status` int(11) DEFAULT '0',
  PRIMARY KEY (`id`)
) ENGINE=InnoDB AUTO_INCREMENT=12 DEFAULT CHARSET=latin1;

-- ----------------------------
-- Records of tea_appointment
-- ----------------------------
INSERT INTO `tea_appointment` VALUES ('3', '7', '8', '2016-03-12', '07:00 AM', '08:00 AM', '2016-03-11 09:33:17', '2016-03-22 09:18:32', null, 'asd', 'asd', 'asdasd', '1');
INSERT INTO `tea_appointment` VALUES ('4', '7', '8', '2016-03-19', '07:15 AM', '08:15 AM', '2016-03-11 09:48:05', '2016-03-22 09:18:32', null, 'asd', 'asd', 'Accept', '1');
INSERT INTO `tea_appointment` VALUES ('5', '7', '8', '2016-03-14', '11:30 AM', '12:30 PM', '2016-03-14 02:41:02', '2016-03-22 09:18:32', null, 'asd', 'asd', null, '1');
INSERT INTO `tea_appointment` VALUES ('6', '7', '8', '2016-03-15', '07:15 AM', '08:15 AM', '2016-03-15 03:55:14', '2016-03-22 09:18:32', null, 'asd', 'asd', 'Accept', '1');
INSERT INTO `tea_appointment` VALUES ('7', '7', '8', '2016-03-18', '07:00 AM', '08:00 AM', '2016-03-18 03:13:37', '2016-03-22 09:18:32', null, 'asd', 'asd', null, '1');
INSERT INTO `tea_appointment` VALUES ('8', '7', '8', '2016-03-21', '07:00 AM', '08:00 AM', '2016-03-21 03:05:01', '2016-03-22 09:18:32', null, 'asd', 'asd', 'Accept', '1');
INSERT INTO `tea_appointment` VALUES ('9', '7', '8', '2016-03-21', '03:15 PM', '03:40 PM', '2016-03-21 06:15:42', '2016-03-22 09:18:32', null, 'asd', 'asd', null, '1');
INSERT INTO `tea_appointment` VALUES ('10', '73', '35', '2016-03-28', '11:30 AM', '01:15 PM', '2016-03-28 04:59:38', '2016-03-28 04:59:38', null, 'asdasd', 'asdasdas', null, '0');
INSERT INTO `tea_appointment` VALUES ('11', '73', '35', '2016-03-28', '02:00 PM', '03:00 PM', '2016-03-28 06:06:28', '2016-03-28 06:06:28', null, 'asd', 'asd', null, '0');

-- ----------------------------
-- Table structure for tea_audit_trail
-- ----------------------------
DROP TABLE IF EXISTS `tea_audit_trail`;
CREATE TABLE `tea_audit_trail` (
  `id` bigint(20) NOT NULL AUTO_INCREMENT,
  `user_id` bigint(20) DEFAULT NULL,
  `actions` varchar(255) DEFAULT NULL,
  `created_at` datetime DEFAULT NULL,
  `updated_at` datetime DEFAULT NULL,
  PRIMARY KEY (`id`)
) ENGINE=InnoDB DEFAULT CHARSET=latin1;

-- ----------------------------
-- Records of tea_audit_trail
-- ----------------------------

-- ----------------------------
-- Table structure for tea_children
-- ----------------------------
DROP TABLE IF EXISTS `tea_children`;
CREATE TABLE `tea_children` (
  `id` int(11) NOT NULL AUTO_INCREMENT,
  `child_fname` varchar(255) DEFAULT NULL,
  `child_mi` varchar(255) DEFAULT NULL,
  `child_lname` varchar(255) DEFAULT NULL,
  `child_date_of_birth` date DEFAULT NULL,
  `child_grade` varchar(255) DEFAULT NULL,
  `child_section` varchar(255) DEFAULT NULL,
  `created_at` datetime DEFAULT NULL,
  `updated_at` datetime DEFAULT NULL,
  `child_parent` tinyint(5) DEFAULT NULL,
  `child_age` int(2) DEFAULT NULL,
  PRIMARY KEY (`id`)
) ENGINE=InnoDB AUTO_INCREMENT=5 DEFAULT CHARSET=latin1;

-- ----------------------------
-- Records of tea_children
-- ----------------------------
INSERT INTO `tea_children` VALUES ('3', 'Paolo', '', 'Garcia', '1992-03-22', 'Grade 6', '', '2016-02-16 05:21:29', '2016-02-16 05:21:29', '8', '23');
INSERT INTO `tea_children` VALUES ('4', 'asd', 'asd', 'asd', '1992-03-03', 'Grade 2', '', '2016-02-23 05:55:02', '2016-02-23 05:55:02', '8', '23');

-- ----------------------------
-- Table structure for tea_encrypted
-- ----------------------------
DROP TABLE IF EXISTS `tea_encrypted`;
CREATE TABLE `tea_encrypted` (
  `id` int(11) NOT NULL,
  `password` varchar(255) DEFAULT NULL,
  `created_at` datetime DEFAULT NULL,
  `updated_at` datetime DEFAULT NULL
) ENGINE=InnoDB DEFAULT CHARSET=latin1;

-- ----------------------------
-- Records of tea_encrypted
-- ----------------------------
INSERT INTO `tea_encrypted` VALUES ('1', 'eyJpdiI6Im9oTlpxdnlsWVU5OHk0VHVvSTVSTkE9PSIsInZhbHVlIjoiZVRqdzdoUE5HZVRLUSsrVm1GSVlCc2lWQjQ1aGZ0a0tzQUxxNXdQVU9jND0iLCJtYWMiOiIzYzhhMjUzMWQzYjEzNTEyYWRiYjllY2YzMGY1YmE0ODM3ZTk1OWJlZDVhNGZmNmEzMDg2NmIyYTFmOWY3MjE4In0=', '2016-02-01 09:57:18', '2016-02-01 09:57:18');
INSERT INTO `tea_encrypted` VALUES ('2', 'eyJpdiI6ImRYVEM3SjNBSitWSkJcL2xnS2JLUVRBPT0iLCJ2YWx1ZSI6Ild1Vk1xZklhMVBOamQwOHdtd1FtVytNQng2YTZ2djJvV0RqYXA4K2xmTjQ9IiwibWFjIjoiMTA5MTdkNjAyNjI5OWQwMjQ1ZTQxOTkxZWVjYTMxNDUyZTUxOTAzOThiYmY1YWEzN2I1YmE2OTA5NzAzNmFkNyJ9', '2016-02-02 09:17:07', '2016-02-02 09:17:07');
INSERT INTO `tea_encrypted` VALUES ('3', 'eyJpdiI6IkhLcnlPWDRQS3djemlCcGdRTFhvOFE9PSIsInZhbHVlIjoiWjJqWksrRjFlYmxNcE5ObXE2UkpBWkVPRWtGTDlQZFpXN1QwWWlzT2p1bz0iLCJtYWMiOiJlZWIwZWZmMWJjMWE4MDg0ODI5MWViODNmNmU2NTY0NmZjNjZmNzUwYjY1MGQ0ZTk1NWEyOTY1ZjZlNjIwZTgwIn0=', '2016-02-02 10:09:22', '2016-02-02 10:09:22');
INSERT INTO `tea_encrypted` VALUES ('4', '$2y$10$Ng6NsPAnQL2Gen/9/sucUO9DjFBfZGC.JCkw3KwpBLL7GqbYkHB4u', '2016-02-03 10:01:30', '2016-02-03 10:01:30');
INSERT INTO `tea_encrypted` VALUES ('5', '$2y$10$/HzLUEbjdEl1SwCwZdG8JOSaQZLSk05svO3Qa/2MSKq53KfP7hNQ.', '2016-02-04 07:15:54', '2016-02-04 07:15:54');
INSERT INTO `tea_encrypted` VALUES ('6', 'eyJpdiI6IkJIUHFPWGRFZW40Z1o5Y2E4VU5TRFE9PSIsInZhbHVlIjoiYTNUZk8zaGlFalFRaEtmdHV6eVJQSFB4RUJ3U25pZFFMOWNVcXc1d3p1ST0iLCJtYWMiOiI5NDNkYzg0MTQ4NDFhZGZjYjVkMDBlYmIwMjMyODk5MTUwYjA2ZWRiOTY0MmM5YmNkMWJiNDJkYTk2MGIwN2RjIn0=', '2016-02-04 07:34:30', '2016-02-04 07:34:30');
INSERT INTO `tea_encrypted` VALUES ('7', 'eyJpdiI6IlJJa1k0OThqTldCblwvTG9NdEpPbFBBPT0iLCJ2YWx1ZSI6ImlCRmNSQUthdFNSMG5kUkhuSEkxZGsxanp0KzVzbndPQkY2MncyajgyV2c9IiwibWFjIjoiMWQ5M2Y3ZjU5OGM0NzU1NjE2ODlhYzBmOGNjMDY0Y2VkNDNiM2M3OWY3MDNkNjBlMjczOTNkZDg1NzAxZDhmZiJ9', '2016-02-04 07:37:54', '2016-02-04 07:37:54');
INSERT INTO `tea_encrypted` VALUES ('8', 'eyJpdiI6IkhnSjV3ZWpGbmkzYklhTzZ5bmhOcUE9PSIsInZhbHVlIjoiY0dhaGliK1E3WEpEWjhDVExtRzlzZG1nM3AwRXQ2WlRrMWZuTkdEcVNaRT0iLCJtYWMiOiJhYzQ2Njc0NTg1Y2I2ZmVlNmZlODVjMzZhNjZjNjIxZTcxOThjM2RjNThhZmYxMzMzNjg2ZWFjYzkxZjk3ZjE3In0=', '2016-02-04 07:51:57', '2016-02-04 07:51:57');
INSERT INTO `tea_encrypted` VALUES ('15', 'eyJpdiI6IjdITlZ1SG9UQ1JyZVZPcE9pWXNvZFE9PSIsInZhbHVlIjoiUnNTWkZIa21xNjVURnFFM291RzQwb0dOMUtNZ1d1OGdIZ2dNOXRYZmJLUT0iLCJtYWMiOiI0ODA0YTQwMDg4ZTk5NTI0OWRlODg0OTNkOGYzYjdjMTcxM2RmMjA4NjFmN2M4YTdkMWNiOTM0NWVmNDc5ODM1In0=', '2016-02-09 08:55:52', '2016-02-09 08:55:52');
INSERT INTO `tea_encrypted` VALUES ('16', 'eyJpdiI6Im1tNHZGdVo1dmR2UTV5cTVNOGdDUUE9PSIsInZhbHVlIjoiMHFaWG5aWDdcLzkrXC9mREZjNjgwdzlRPT0iLCJtYWMiOiJmNGJhMjc3ZWM2ZTI5NzA3Y2NmY2I4MmFmMmNhNmYwZGJlNDMxZmE2MTc0YjY5MmRhYWQ5ZThhM2I2MDMzYTY4In0=', '2016-02-09 11:28:24', '2016-02-09 11:28:24');
INSERT INTO `tea_encrypted` VALUES ('17', 'eyJpdiI6Ikg1S0xmWU1ZMzF6NzZOeW1yb29ubVE9PSIsInZhbHVlIjoiUm1PUVQrR3V0b1wvb2NhbjdsMmZvdlhZcjFYN2NmXC9yYzNRNXZnZnZtc1JFPSIsIm1hYyI6IjIyYmM0ZmM5OTIxMjRlM2ZjNjEzZjM2YzYxNDcxZWE1OGMzNGIxNjBkNmZiZjRlMWFjNTU2NWNiNWY5NmFjYzYifQ==', '2016-02-11 02:20:54', '2016-02-11 02:20:54');
INSERT INTO `tea_encrypted` VALUES ('18', 'eyJpdiI6IkZqQUFPM25VVU9ZSXpTVStBbkIzN3c9PSIsInZhbHVlIjoiZG54ZFhSZGFcL0RLcSs3bWNZRWlPQXE3aG5HZDExSFpyS1JhSmVpSXJBMUk9IiwibWFjIjoiY2E2YmZlM2E4NGI3MmFhZDMyODE5YTY2ZDk5N2RkNTMxNWFlNmU2MmE5NzEzYzA3ZmE4ODIxZGQ2YTU2MTBmNyJ9', '2016-02-11 07:24:30', '2016-02-11 07:24:30');
INSERT INTO `tea_encrypted` VALUES ('19', 'eyJpdiI6IlFxbDFmVFB3UVNvRmxEbGl2cmNcLyt3PT0iLCJ2YWx1ZSI6IlJNcXgwWmhXY0J1cHdHeU5mVFhKWE5CZDNpN2dlV1wvQTFsY01UbngxRUFNPSIsIm1hYyI6IjJkNzAwZTMyMWJjZTM2ODQ1MGMyMDJlMTA5OTk3ZGUyY2ZkNTEzNDhlMWUzNTg5NzEyZTA2ZjJmMTg4MGRjZmUifQ==', '2016-02-11 07:49:32', '2016-02-11 07:49:32');
INSERT INTO `tea_encrypted` VALUES ('20', 'eyJpdiI6Ik1MTkx0bzlmMnJsSlwvVWs1U2Y0cVJBPT0iLCJ2YWx1ZSI6Im1rc0JOdFUrcjNZQys0YjhBOW9ZYk5lSzBFVHk3WmNVeVNFQWhxTjlvWnc9IiwibWFjIjoiMzc3OTM3YzFmNjAyYzEzYjMxYzFlZDg0YTY0Y2MzMzhiOTQ1NDhhYjBjMmFmNjA2OGNiZTI5MTE1YWU2Njk4MCJ9', '2016-02-12 02:27:57', '2016-02-12 02:27:57');
INSERT INTO `tea_encrypted` VALUES ('21', 'eyJpdiI6InFBS254aDExS0ordWE4ZHJQTHpwR3c9PSIsInZhbHVlIjoiZSt2OGJ3c0RyNHd2TlZPc0M3VEZGait1eGg5dGhWK0xyWW9RMmtuMjFyRT0iLCJtYWMiOiI0ZThjM2U5NDE2YjUzYzI0ZmExMjYxMDVhZDljYTdmOTc3MzEyYTkzZDIyNWVlZjhmMTFjZmNjNWJlZDIzOWRhIn0=', '2016-02-12 02:30:02', '2016-02-12 02:30:02');
INSERT INTO `tea_encrypted` VALUES ('22', 'eyJpdiI6ImN0SDFcL25rUEx3RVE3Z0dzbU1UQ013PT0iLCJ2YWx1ZSI6IldjZXZHK1wvdVRBMSt1SFZwNkwyQnl5WXRkTW13SmlmTWgremRtK1BVUFpBPSIsIm1hYyI6IjVjNGVkZTFiNDc4OTM0MzI5OWVkNDc3ODA2MGVkYmJmYTdmZTJlMzliZjA3ZTY5ZTE1MjJkOTQ2Mzc2NTIzZDMifQ==', '2016-02-12 02:33:42', '2016-02-12 02:33:42');
INSERT INTO `tea_encrypted` VALUES ('23', 'eyJpdiI6IlVva1o4QmtqR2c5VFpNVURQNnN5NUE9PSIsInZhbHVlIjoidHBTbXJyTEFnUmp2OHhXbmFaRVwvaVNjY3BGdHI1cnN1bFFzbUx0TUJKc2M9IiwibWFjIjoiYmJjNTZlMWQ4ZTI1MTU1ZWUwODQ4YmU0MGJmMDI1ZTcxMDQ1MDk4M2U1YjdmM2I5ZjNlNzg1NjA1ZjdjNTkwMyJ9', '2016-02-12 02:34:35', '2016-02-12 02:34:35');
INSERT INTO `tea_encrypted` VALUES ('24', 'eyJpdiI6IlVyelpUcm5DRUliWWFlU0w1akhaYVE9PSIsInZhbHVlIjoiZ0ptK09ERXdvbVJ0OTFpZ3RsNHFiU1wvaEJYUnl5ODlwVDZYS2ppazgrUGc9IiwibWFjIjoiODUzOWIzOTQzYjFlZDI1NjYyYjc5ZDZhZGFiNzM5OGI1Zjg0OGJiMjM1MTdhZWVkYmM5Yzk3MzIxMWQ2YWMzMiJ9', '2016-02-12 02:36:54', '2016-02-12 02:36:54');
INSERT INTO `tea_encrypted` VALUES ('25', 'eyJpdiI6IjZNaHBrUktRZkpJVlpSV0wzUEpVckE9PSIsInZhbHVlIjoiYUtBTlFXcDFHY1lUbEtaUWFWSW0ydz09IiwibWFjIjoiNDQ0OTBmZThlNmRkZDBhNmJjNTc4NjQ0ZTRkMmJhYTgwYjcxY2FhODc0OWExNmUzNDRlYWZiZDdkMjgyYzY2NSJ9', '2016-02-12 02:42:02', '2016-02-12 02:42:02');
INSERT INTO `tea_encrypted` VALUES ('26', 'eyJpdiI6Ill5NkcrRVRMZGFXTWx2cW9KNldKREE9PSIsInZhbHVlIjoiTkJ5dTZcL2pHc3FiTEhaWnh0WXhCbjJNQUJCcE1Pa3lqZkMwMms0SEt6d3M9IiwibWFjIjoiOGNhYzFhOGUwYjAzMmNmMTc4ZGZkNWNkNDU2NmIxM2EyY2RjZmIwODBlNDk0YzgyMjRmYmY3YWE1OWUxY2E1OCJ9', '2016-02-12 02:46:26', '2016-02-12 02:46:26');
INSERT INTO `tea_encrypted` VALUES ('27', 'eyJpdiI6Ims2bk0wMHd2Yytwbm1LZ3pZWmpXa3c9PSIsInZhbHVlIjoiTml0d3VWeFJNUDdMN0FjbVJydjBlUT09IiwibWFjIjoiNzY4YWRjMmZjM2RhNDc0NzA0NjEwZDMxNDI4NmEwZjgzNTMyZTA0NWMwODZmNmE3YjkzOGNmMTcxYzVhMWViZSJ9', '2016-02-12 10:50:12', '2016-02-12 10:50:12');
INSERT INTO `tea_encrypted` VALUES ('28', 'eyJpdiI6IjhiVFYwN0hxUVNxSjB2WTdodjdESkE9PSIsInZhbHVlIjoiNEVrV29laXNZVDE0R2NUS21rMjBhS25hSHc0Ylc1ajZ0R0V0V0lyV015Zz0iLCJtYWMiOiI4Y2E3NGUzNzkzODg4ZDQ2OTM1ZDc2YmRmYjg0ZTc0NzdmMWE2ZTY4NDQ3YTExMjk0OTYwNjNiZjU2ODAzMGVjIn0=', '2016-02-15 01:59:57', '2016-02-15 01:59:57');
INSERT INTO `tea_encrypted` VALUES ('29', 'eyJpdiI6ImpTUTVqbGVaUnNhdU9adXNWTUo0cnc9PSIsInZhbHVlIjoiRE9IdXhHZ0J3c2dpdm5PdmRSXC95TDRkYU52YUtWd0RlM1JtWlpWSU11dUk9IiwibWFjIjoiY2VlZGEyMDg1YmY4MGQxZDUxODY0NjJkODliNzY1YzQ2MGQ4OGUxNzdmNTNiYTZmOGQzMzc1YWRiYzIyODNkOCJ9', '2016-02-15 03:19:20', '2016-02-15 03:19:20');
INSERT INTO `tea_encrypted` VALUES ('30', 'eyJpdiI6IkFCVXAwcmVjTlwvU3Fkakk3Y1drWWhnPT0iLCJ2YWx1ZSI6IklES1hQcFBSYjg0Mzd6MFRuQnRsamc9PSIsIm1hYyI6ImMzMmRjMGRmZWEzMGE5ZjVhOTNlZjkzMjBlZWM5YWIxMWRiNWIwYjlmYjJjMjFhNWY4Yzc3MzE1NDEyNzgxMDgifQ==', '2016-02-15 10:54:30', '2016-02-15 10:54:30');
INSERT INTO `tea_encrypted` VALUES ('31', 'eyJpdiI6IkxkSWI5WGh5MXVxVUZIc1wvTGI5eEtnPT0iLCJ2YWx1ZSI6IlJ2RFBtR3kyZ2h0VWowVUlRRVB3MlRkb0s2NE1zUEZCN3NNZDlINzVLNUU9IiwibWFjIjoiOTYxN2MzNGM5OGM4Y2M5OTg0M2I3NmJjMDU5NWM2NjA2YjE0NGFiZDMxNmEzNTE1MGRkNjBmNDhjYzE4NjZjOCJ9', '2016-02-17 05:08:34', '2016-02-17 05:08:34');
INSERT INTO `tea_encrypted` VALUES ('32', 'eyJpdiI6IkVsVGxLOWNwbVNkVU8rd21NVVFON1E9PSIsInZhbHVlIjoiNUU4eHNpUG1oNjlvbXlDZ25JYVwvUldsWXZXTlNNWll4S28xVzFxeXhXTDA9IiwibWFjIjoiM2I1NzVhZmE3ZmU4ZmIyYWFjNmU0MjZkM2ZlZTE5NzViODBlMmY3MjAyM2JkNmNlMTBlYmUxMmNjYTkyZTUwNCJ9', '2016-02-18 07:29:06', '2016-02-18 07:29:06');
INSERT INTO `tea_encrypted` VALUES ('33', 'eyJpdiI6ImtuRnVTeXM2cDE4UlYralB1ZXVNTVE9PSIsInZhbHVlIjoicXdcLzJMUjd4ejV1WmNnU1wveGdRQXJMa0lpcXBHS0hRXC9rVWpNb3N3MHlRND0iLCJtYWMiOiI3MDc5MDNmODI5NDA2N2JjZDI1NGNjMTRjZThmMjYxM2VkYTMzMGY0MTU2MDhmOGVmY2ZiNTFmMjI0ZTRmNzdiIn0=', '2016-02-18 08:36:55', '2016-02-18 08:36:55');
INSERT INTO `tea_encrypted` VALUES ('34', 'eyJpdiI6ImlxMWVTUk4rQ1dwRzdCcitvNWlwNGc9PSIsInZhbHVlIjoiRkdlb0NxbXl4b0I2Q3VpY1dYN2Z5ZTRWNFwvSE0xYVwvMWdNUldSRXh3RDJJPSIsIm1hYyI6Ijg5NGI2M2ZkZWNlNmE1NDhlZTIwMGJhODk4YzRmNzhhM2MyNmJhZTE2Njg4NTRkYTYzMmJlOWI4NTkxYTdmMjAifQ==', '2016-02-18 08:45:09', '2016-02-18 08:45:09');
INSERT INTO `tea_encrypted` VALUES ('35', 'eyJpdiI6IlBpbWI5RjdKTllvYmRhK0dMOWtVclE9PSIsInZhbHVlIjoiU2drOEpYOWNERjdUbEx4VlBObGU0UT09IiwibWFjIjoiMmJkM2I0YTc4YWJhY2M3MDdmNzk4Yjg4OGFkYTc4M2Y3MjRhMmRlMDQ5MjIwMGRkYTcyNTIxY2E3N2QwNzMzNiJ9', '2016-02-19 10:45:45', '2016-02-19 10:45:45');
INSERT INTO `tea_encrypted` VALUES ('36', 'eyJpdiI6InhZWTl1MWIwc1FcL0xySVFiYmtyVDJnPT0iLCJ2YWx1ZSI6ImIwYmY1MFVtMWtlczc0aHdtXC9aNFp1NTE4d1dPcVZoKzA5UmpvOWNjRG1BPSIsIm1hYyI6Ijk2MzRiZTUwMjJkMjA2ODg5ZWE5ZTcxZmM0OTcxYzU0OTAwMzlkZmUyN2UwMjVhNzlkMmY2MGRhOWI4Yzc5YTkifQ==', '2016-02-22 01:18:55', '2016-02-22 01:18:55');
INSERT INTO `tea_encrypted` VALUES ('37', 'eyJpdiI6IkJQV3EyRzFRVnZCVFdSV1BEMVVBa2c9PSIsInZhbHVlIjoiZ3VuVDRLU09YVnlqOHlvckxXbm9IYmRIakxlanVqRUdLdjJMZzFPUFNRcz0iLCJtYWMiOiI2YjcyYmQ5ZmFlNjNmZTVjZjdjMDU2ZjMwMGYwN2I1NDhiNDRjODhlMzNkMjRhMDQyNmJjZjQ1N2QyZjExNGRkIn0=', '2016-02-22 01:24:56', '2016-02-22 01:24:56');
INSERT INTO `tea_encrypted` VALUES ('38', 'eyJpdiI6IlI3RlRZY1hNbGFONlo1YUF4UkZMdVE9PSIsInZhbHVlIjoiXC96NXZiMFF6Vll5eitac0NObU9vWEhUUG85dUJDWWw2WDYwVm0wS0M5OUE9IiwibWFjIjoiYWUwMjE0MzA3YmI4OTI5OGU2NzhkMDRiNzg4NzE5NjcyNzczMDQ2YzExYTFhNjMyM2RiOTA2MWFlYjEwOGYxYiJ9', '2016-02-22 01:49:08', '2016-02-22 01:49:08');
INSERT INTO `tea_encrypted` VALUES ('39', 'eyJpdiI6IlViOW1JQkNyVm9hZnNQd0FIVmZVNUE9PSIsInZhbHVlIjoiVFJGTzRFa05iNTN2ejJFY25sUmpqcXhTZUhnSVZRNERRaGF5QkVoV2ViST0iLCJtYWMiOiJlZWZjY2RmZGNjNzlmNGYyZmNlYjcyZDMwNjcyZTFmZjE2OWNkZGI3Njg0MzZjNDFjYmUyMDcxMmFiYzliNWNhIn0=', '2016-02-22 01:50:51', '2016-02-22 01:50:51');
INSERT INTO `tea_encrypted` VALUES ('40', 'eyJpdiI6IkRqOWt0YUtUUU8xdlo4WUlcL1dHWDBRPT0iLCJ2YWx1ZSI6IklCNDRGa1l0NFRBWUR1dWZhc1krU2RlN09hU3lKZ2lucGVaeTF2MWFmVmc9IiwibWFjIjoiMzQ2YzMxMDMzZTY5ZTE1OTA5NjI3YTM4ZTQ5ZTEyMzFkNDk0ZWVkZmRlY2RkYzYzNjI5ZTA4YjU5YjAzM2ZlNiJ9', '2016-02-23 01:09:55', '2016-02-23 01:09:55');
INSERT INTO `tea_encrypted` VALUES ('41', 'eyJpdiI6IkM0U1c3RnlmeDlKcStiRnd3OXVmUVE9PSIsInZhbHVlIjoieXJZd1U2SjBwWkYrcXdyU2dJWXpJZ0hWcmJaMmJjTTJ5RTBBRTM1RFwvYnM9IiwibWFjIjoiY2NhNjUyNmQ0OTIxM2NiODljMWFjMmZlYWQxODJmYjFlMDZmYmFhMDUwNTljZmY3NGYyOWE5NDhmZTZjYzExZiJ9', '2016-02-23 01:21:00', '2016-02-23 01:21:00');
INSERT INTO `tea_encrypted` VALUES ('42', 'eyJpdiI6IlY4d294eWVsV1prcnZuTmJ1TEI2VVE9PSIsInZhbHVlIjoieDV6b3h3K3FkS2w0a3prOGl3bjdpODhlajcrXC93cU1WYm94dDBlSW9Xams9IiwibWFjIjoiMjc2MGYyZTEzMjAzZDVlY2UzNDNkODM2NzRiYThlNGEwNGYyYWI5NmE1MjRlNGRlNjk4ZTdkYmM4ZjVlYWU3MCJ9', '2016-02-23 01:24:02', '2016-02-23 01:24:02');
INSERT INTO `tea_encrypted` VALUES ('43', 'eyJpdiI6ImhxS0UzY0U5RkdsNzByV1VCVjVKZHc9PSIsInZhbHVlIjoiYmNZTFc0b0lZYUNQVTVOYjZnV1MycncrellIWmRFbmR3SFFHU1hTcnA2VT0iLCJtYWMiOiIyMWI0YjBkYmE5NDdjYmNhMGUzNDE1YWM0YjFmODE2ZGMwN2JmYWUwMmIyYmVlMWM5YTMzZjNhZWRiZGVmMGNjIn0=', '2016-02-23 13:15:00', '2016-02-23 13:15:00');
INSERT INTO `tea_encrypted` VALUES ('44', 'eyJpdiI6IjlwOG5GQjZKME5LXC9FbzBWTWNNcHVRPT0iLCJ2YWx1ZSI6Im5wQXhRbmxnSklQVW5vSHlDZW91UkhwNGdESDF0cXBNQkQwOHFkZDJONHM9IiwibWFjIjoiMGVjYzM0NTAwZDUwN2FlMTY4NDQwY2QwNTJmYThiNmZiZjYzNTEyMzRkNzc1YmU2NGNjZDJhNTc4NWZhYzRlNyJ9', '2016-02-23 13:17:27', '2016-02-23 13:17:27');
INSERT INTO `tea_encrypted` VALUES ('45', 'eyJpdiI6ImFsNVwvM28wa1RnK1RpRGQwMXRrYnVnPT0iLCJ2YWx1ZSI6Ild1UGhBZ0NGZis5SGt4QU5EUXNrUWhaS3FVRXZSbTJLNWNcL0YyT1JjZDFVPSIsIm1hYyI6IjU0OWNkZjk4M2YxNWE0YmY2OTRjNWJmNzM0NjBkZjFhYTY2NTA5NDBkNjgzZjMxNmEwOGUxYTJhYTZhY2Y2YTgifQ==', '2016-02-23 13:55:11', '2016-02-23 13:55:11');
INSERT INTO `tea_encrypted` VALUES ('46', 'eyJpdiI6InJpKzNQZmwxOU52K01nTXZ6dG9JbUE9PSIsInZhbHVlIjoibXBib0lSYVh3ajY5R1wvdUVMcGRBdmc9PSIsIm1hYyI6ImE0NDAxMzNlYWI0Mzc0NDM5ODJmOGQwZDBiMGJjN2Q5OTg2MjAyZjNkMGE3MDJmOWM3NDEzYmVhYzFjMjZjNTUifQ==', '2016-02-23 14:01:49', '2016-02-23 14:01:49');
INSERT INTO `tea_encrypted` VALUES ('47', 'eyJpdiI6Ikt4SnlBMmpvczFFMlJrZWllcDRpXC9RPT0iLCJ2YWx1ZSI6ImJXdWxsQ1FLYVY0Y29ZMzd1UDBFcUtJVVhubEl6aE4wdjRWeDdjd0k2XC9ZPSIsIm1hYyI6IjU1MDdiMTVjYzNjOWJjYjNmOTcyZmU1MTIzNTdhYzZlNmFjYjA4ZDlkYTg0MTE3MjU3NWQ2ZmY3MzU5NWJlNTIifQ==', '2016-02-23 16:55:15', '2016-02-23 16:55:15');
INSERT INTO `tea_encrypted` VALUES ('48', 'eyJpdiI6IkRHeVpNdndDMlwvbnVIQ1o5S1g3TDN3PT0iLCJ2YWx1ZSI6IkJDQ1ZUZDhVZkNDQkdiYnVKZzRGRExWajRPQWxZMks3MVlpeXlaeUZwSW89IiwibWFjIjoiZjNkMDZiYTRiNjNmYmFhZmY5NjQwMjZmNDMyNWNmZjk1OGZmNzA2YmVhNDU0MTY0MWQ0YjllNzE5ODdhNTA4YSJ9', '2016-02-24 02:44:52', '2016-02-24 02:44:52');
INSERT INTO `tea_encrypted` VALUES ('49', 'eyJpdiI6IjRqUldDTU1yT0NNaGIyRFlnUmtMXC9RPT0iLCJ2YWx1ZSI6InFwZU9lWXkyTDNlZzJBVmhwK3lBTnBTNXMxVEdlVTJBc1wvbURGMFVER2NJPSIsIm1hYyI6ImFkOTdlYmUyMjUyOTM0MDUxMDdkZWZmYTBjMzdjMGNhOGYxM2QzNDhiYTJhOWQ4Njc5MTJhMzdlYWEyNTRiOTkifQ==', '2016-02-24 03:05:12', '2016-02-24 03:05:12');
INSERT INTO `tea_encrypted` VALUES ('50', 'eyJpdiI6IkZ5R0x5WGR4b0tqcXNOVTN3TGVKbGc9PSIsInZhbHVlIjoiUVJWUFdxM1l4Qkx1SkFYbHlZdXRJcTlnbXhadXNQV2JjblNPUVwvU0o2TkU9IiwibWFjIjoiMDRlZGQ5ZWNjMTg3YzEwZTE3MDcxMGU4ZTM4ZGExNjU3NDczMzBkYTljMGFjODU4OWJmMjAyYjQ1MDAxYTg5NSJ9', '2016-02-24 03:07:40', '2016-02-24 03:07:40');
INSERT INTO `tea_encrypted` VALUES ('51', 'eyJpdiI6ImM5bnE0UXZWSFJWWjlzSlp2a2FCa1E9PSIsInZhbHVlIjoiQWJCRHNVMjREcXVnT2JJZFgwSWhGdz09IiwibWFjIjoiZjUxNGZmMDcyMjUwOTkzNmRmYzdlMGIyOWJhNzdjYWE1YzZiYTM5MDRkMDYyMTQ1MzQzZTQ5YWI3YTMwMjQ0MyJ9', '2016-02-24 03:08:21', '2016-02-24 03:08:21');
INSERT INTO `tea_encrypted` VALUES ('52', 'eyJpdiI6IlZzNUNCUG9IQzNBTFFkQmp2WXlMSnc9PSIsInZhbHVlIjoiUkFEdnlpZXVmeFljdjRNMVwvcjBISE5ldk5maWdTXC9mak5wWEVVaEt6VmVrPSIsIm1hYyI6IjkzMzU3OTA1NmE2MjNkNDc5MDYxMGMyMTAwNWY1OTFjYjkwZjEzM2EzNjM4MDU1Y2NlZmY3ZWE0MjFhYzNmMmIifQ==', '2016-02-24 03:46:17', '2016-02-24 03:46:17');
INSERT INTO `tea_encrypted` VALUES ('53', 'eyJpdiI6Im5ZdmFQeXh1Q2tBSFZrYlFyRG1vZEE9PSIsInZhbHVlIjoiNlpsbHJyV1c3V1FCekNkbUNqK0JFZz09IiwibWFjIjoiMTI5NjhjZDRhOWNlY2EwNzEwNjRlYjhiZGFhMjM3ZDI2NThjMWI3NDUwZGRmZjdiODIzY2EzYjQ4Mjg1ODZkMyJ9', '2016-02-25 06:17:50', '2016-02-25 06:17:50');
INSERT INTO `tea_encrypted` VALUES ('54', 'eyJpdiI6ImZcL1pleDNaYVF5cWFRc3RLK1wvOFRcL3c9PSIsInZhbHVlIjoiU2JhMnBVRnRZNGNRQ21STGRUeUFOUT09IiwibWFjIjoiYjEyOGU5NGY2ZDFhOTVkM2QwZWVkODUzMWE1NjU2MjliYzBiNWJkNWQyMzdhYmRmMjNhOGM5MTZmNDI5ZDdlZSJ9', '2016-02-25 06:19:52', '2016-02-25 06:19:52');
INSERT INTO `tea_encrypted` VALUES ('55', 'eyJpdiI6IjVFeWFTVVA3UkdNbGZkMkNFR2ZBdEE9PSIsInZhbHVlIjoiZ3FuaUQrSHIrbWp3ZGtqRGRUaG1Kdz09IiwibWFjIjoiYTk5YWY1NDE0NmVlOWNiM2UxNWU1OGVlYTI2ZTc1NGE5ZDE0NDFkYTYyNDQ1ZThlMWI3Y2FkOGJjYmY0NTE4MCJ9', '2016-02-29 01:53:04', '2016-02-29 01:53:04');
INSERT INTO `tea_encrypted` VALUES ('56', 'eyJpdiI6ImxPWmxJTCtRbGtkMlR5S3B5aEZOaGc9PSIsInZhbHVlIjoiMHRjVUhCQUZZRTFSa3BmS2N4VVVoUT09IiwibWFjIjoiODAwM2I2MjE4YTMzMjhmOWI1MDRlMWQ3ZTc5MDVkNGJkNTllOWQyOWIwYWIxZmVjMmVhMzkxNThmNjhhZTNlNiJ9', '2016-02-29 05:22:09', '2016-02-29 05:22:09');
INSERT INTO `tea_encrypted` VALUES ('57', 'eyJpdiI6InBMUUcweVByRUt3ZVBHWTZrdVlsVmc9PSIsInZhbHVlIjoiZFFKUUFJdVc5XC9XWFJjSGNWYXMzOXc9PSIsIm1hYyI6IjliNGEwMjA3ODI1ODhiMDMzOWI4NjE5NzUzODkyMzMyNWJlNmYzNzg4ZDFlMjg0YjQ1MWYzYzRjNGZjYWEzY2UifQ==', '2016-02-29 05:48:23', '2016-02-29 05:48:23');
INSERT INTO `tea_encrypted` VALUES ('58', 'eyJpdiI6IjByVkpENWh6OUpzd2llNDVqOWNUaXc9PSIsInZhbHVlIjoiYjlXOVllNHk2Q2tPSUVXaXg4dGJKUT09IiwibWFjIjoiN2QzMjI5NmFjMTE5NjQ4NDI1NjlkMzc1YmIyNmI2MWIwMzNkZTMzMDIxNzViOWE3ZjI5OTM1YjU4MWE4MmZiOCJ9', '2016-02-29 08:15:17', '2016-02-29 08:15:17');
INSERT INTO `tea_encrypted` VALUES ('59', 'eyJpdiI6IldNRlJ4NDhQNkFiNVBOckk4TU9xaVE9PSIsInZhbHVlIjoiZFdqakpVeldOWU9pMUZPZTN2ZzBmdz09IiwibWFjIjoiZjkxMDZiYWJkZDMxMDkzNTM4YTNjZDg4NzEyOTliOTEzZjYwYjY0NGE1Zjc5MGQyYzQ0ZDY3NzI0ZGY2ZTk3OSJ9', '2016-02-29 08:17:33', '2016-02-29 08:17:33');
INSERT INTO `tea_encrypted` VALUES ('60', 'eyJpdiI6IllHdmNpVDFyODBiUlFTbUFQK3dMT2c9PSIsInZhbHVlIjoibXk5Nk1QdXJabDRoWWNNckxGOWNiZz09IiwibWFjIjoiYWQ2MzU3NDlhNDllMTJkMDM0ZDBhYTIwYjVjNjA5YmI0NGNiNTJjMzNmZWIxMmVlNGVlNWE4YjEyMTg1YTJmZSJ9', '2016-03-01 02:07:05', '2016-03-01 02:07:05');
INSERT INTO `tea_encrypted` VALUES ('61', 'eyJpdiI6ImhXVURsQjBtWU5MYjBlVzQ3Uk91OGc9PSIsInZhbHVlIjoiK0pYQStwNW1TbnAyb3Fjb2JuN2dkZz09IiwibWFjIjoiZmZiZGIxNjk2MWZmM2MxN2UwZGQ4ZTRkZDY1NTliNWIyOWU3ZTI3MDA1MmVjYmVmMDY4YWFlZDJiYmJmMWUyYyJ9', '2016-03-01 03:58:43', '2016-03-01 03:58:43');
INSERT INTO `tea_encrypted` VALUES ('62', 'eyJpdiI6IjErajgxMFJCTmUrTzZiYUJITFA4bFE9PSIsInZhbHVlIjoiN1lSbk9KZldaXC9ZXC83NDNPWXJNazFRPT0iLCJtYWMiOiJlMTZhZDVkZDVjNzViZmU2MDhiOWIzODc5MGI0YzllYjQ3ODY5MzU5YmM4ZjgxNTQzM2ZlMDgzZDczMjYyOWJmIn0=', '2016-03-01 06:22:24', '2016-03-01 06:22:24');
INSERT INTO `tea_encrypted` VALUES ('63', 'eyJpdiI6IlNHZkM0TUhYOUFqa2w5SE44WlRrTmc9PSIsInZhbHVlIjoiQ0RYbkxTVzZaQzlVbU9uNkJcLzUxb3c9PSIsIm1hYyI6IjAzZGI5YWVkZTgzMDhmZWFkYmNiOTg5MTlhODQyZjM3MmRhNzlmZDc5Zjk3OTgwOTM4M2NiZTlhNDg4MzNhZjYifQ==', '2016-03-01 06:34:05', '2016-03-01 06:34:05');
INSERT INTO `tea_encrypted` VALUES ('64', 'eyJpdiI6Imp3MGV0S3dncEhzR3Jpd1lBNnVNRkE9PSIsInZhbHVlIjoiYUhqY1ZPXC9hVlwvQ0NnSGc4a01weFlBPT0iLCJtYWMiOiI3YzcwNTY5NWMxZDVkZDI0MGVjMWEzNWMxNTJiOTI2OWQxYjQ5ZDdlYjYzYjg2NTcxYTAyZGRiMGY3OWFiNWQ5In0=', '2016-03-01 06:35:42', '2016-03-01 06:35:42');
INSERT INTO `tea_encrypted` VALUES ('65', 'eyJpdiI6Im1ib1pXOE5rT2hnYU83WVpPaUU4WkE9PSIsInZhbHVlIjoiRVdjbzlLVzNOeStOYWxQdnhOUU13UT09IiwibWFjIjoiYjg4ZjgxNGU1YmVhMzhhOTkxMjc1YzY1ZmI2ZDY4NDg1NjZiNjc3YTU1YjAzYjQ5NDA0MWYyY2YzYTU5ZDgwZSJ9', '2016-03-01 06:35:45', '2016-03-01 06:35:45');
INSERT INTO `tea_encrypted` VALUES ('66', 'eyJpdiI6IkFoeEhHUDZUVTA0M1B4ZzdEV2JqUUE9PSIsInZhbHVlIjoiQmZWNnAxNzlWNzRGQ09MOXljYmtFdz09IiwibWFjIjoiYTJhYzQ5NjRiM2M1N2RlNmM1MDc3MDFlOTE2MjU0NDcxMjdmMDUxODM1NTk3YmU2NmQyNmNkNWRkOWI2NDQ4ZiJ9', '2016-03-02 01:49:19', '2016-03-02 01:49:19');
INSERT INTO `tea_encrypted` VALUES ('67', 'eyJpdiI6ImNyWThkZEt0Q0tYTnpvWDY0Z2U0YUE9PSIsInZhbHVlIjoiampWTE1mZTJiM2JIeWZTZngxc3FoYWZPTmVQZ3NPUWw2THgzT0NPQVp0MD0iLCJtYWMiOiIxMzgzYzBlODI5NDMwODFmMGFlZWYwYmU0OTI2MjI1Mjk5NGQ0ZGY3YjJlNGYyMDE5ZmJhNmY0ZDliY2M4ZGRhIn0=', '2016-03-02 02:04:56', '2016-03-02 02:04:56');
INSERT INTO `tea_encrypted` VALUES ('68', 'eyJpdiI6ImFsdlNsNWI0WmhITW1nZlQwUjEyWmc9PSIsInZhbHVlIjoiZ1RtSDljZjFoY0dWaHh5WTVORWRBQT09IiwibWFjIjoiMDhiYzQxOWYwYTNlMjQ4NWMxNzNkZDhiZTI5ZGE4NDBhZjY5MWJkOTE4MjQ5MzQzZTI4NDc5OTA2Y2QyNWViZSJ9', '2016-03-02 02:13:58', '2016-03-02 02:13:58');
INSERT INTO `tea_encrypted` VALUES ('69', 'eyJpdiI6IndRRkVYbTd5dEFuaHBldmhSWkQzcnc9PSIsInZhbHVlIjoiMUhTQzlJMUg5aURMOTBCTFZ5SXRucWlOSTZ5RERGZGxNS0doN3RrUFVwWT0iLCJtYWMiOiJiNjJhMWYwYjNmNTFhZDlmMjgwOWNlNmE1NTY5YTk5YTVjMWE0ZTFmNGRlYzcxNDJiYTEwNjhlZjQ2NTRhZGQ3In0=', '2016-03-02 02:16:23', '2016-03-02 02:16:23');
INSERT INTO `tea_encrypted` VALUES ('70', 'eyJpdiI6IkYraU93cjJ0b0V1WnEremxcL0cyaWVnPT0iLCJ2YWx1ZSI6IlgwQWh2U2dtMVpKWTR1SWhXakdiUnc9PSIsIm1hYyI6ImU0YTllZWFhNDVmNDVmMDljYzIwMTZhMGRiMzFkMmU2NzU5YTk4YzY3NGM1YjlkOTYyOTA3OTRlMWE3OWJiNzcifQ==', '2016-03-02 02:16:36', '2016-03-02 02:16:36');
INSERT INTO `tea_encrypted` VALUES ('71', 'eyJpdiI6IkRjOTl6bXZ3QlZjXC9RS3cxa1d4Y3BRPT0iLCJ2YWx1ZSI6IkhyR2pJQTl6WkFFUUowYjRnSHVxM1NLc2tHa1dPeUVBajY0TXhTSTZITTQ9IiwibWFjIjoiZTczY2ZiYWJiMzI1NjE3YjM5NGE0OTMxYjNlYTczMGVmZTdlMzZhODUwZjNhMmNjNGYzMTkwZWZhNWIyMjM3MCJ9', '2016-03-02 02:55:42', '2016-03-02 02:55:42');
INSERT INTO `tea_encrypted` VALUES ('72', 'eyJpdiI6ImRUM0M4dFJkOFMzd1B6NWJna0M0N0E9PSIsInZhbHVlIjoibDVcL3B5ZExYM3Q0Z2daa1NidkhCNzdpRnJ5U2NzaFdNYVhUbk4zTEw3Zk09IiwibWFjIjoiNjk5MjMzMjhjZWMxYTQzZTlhOTUyZDVlMWYxM2Y1NWZmOWJkMDI0Zjk1ODU1ZDBkMjE0MjdhZWQzYWRkYTI1YyJ9', '2016-03-02 03:07:14', '2016-03-02 03:07:14');
INSERT INTO `tea_encrypted` VALUES ('73', 'eyJpdiI6IjhwRlJJdytzcFNlUitScWx3OGQ5dVE9PSIsInZhbHVlIjoiUUozakxaR0ZnenJSc0YxMkxJbDdKZlJ4Qk40ZUNRaWREaGxnN2pJNVJ4az0iLCJtYWMiOiIxYTA0NDhhMTQ4ZTA2MjEzOGQ5ZmUzNmQyMmEzM2I1YTY4ZmVlM2VlNGQwOWYwMzg2NGEyMDVlNTVkY2VjNGYxIn0=', '2016-03-02 03:07:17', '2016-03-02 03:07:17');
INSERT INTO `tea_encrypted` VALUES ('74', 'eyJpdiI6Ik9kSjlwRVhyelY3U2VDbXNuenZQM3c9PSIsInZhbHVlIjoia3E0bmh2anZIbjRuVFJETmozY0taU3NWb093eWx1aWpva1ZScmZNQ0dyaz0iLCJtYWMiOiJiYzNjNzExMzRlODg1MjNlZjA4ZDBjMjk3YjVhNDA5OWU3ODQ4OTQ3M2U2ZTczNWQ4Y2Y0MWUyZmM3MjE0NjNiIn0=', '2016-03-02 03:34:13', '2016-03-02 03:34:13');
INSERT INTO `tea_encrypted` VALUES ('75', 'eyJpdiI6ImVWQk55Z3dJY1Z4cTJZYUQ4XC9ZdERBPT0iLCJ2YWx1ZSI6IjRTQVZING52Y05GTTREVkFLY1ptbXBLUE02UXN5RlZcLzRqOHNTd2tpZTJ3PSIsIm1hYyI6ImZjYTM5OGM5NGY3NGU0ZDBjODMwOGM2MGU3NjYwZWU3MzQyMTUzNWU2YTg2NWU1ZDE1NzM2MzIxODIxZDJhMmEifQ==', '2016-03-02 03:45:57', '2016-03-02 03:45:57');
INSERT INTO `tea_encrypted` VALUES ('76', 'eyJpdiI6IjdkVWlaUWd2WE1BeVlYc2pVZFVaTHc9PSIsInZhbHVlIjoiR0dIZFNQSUZyT0NPYlhiTFdoUkVSQT09IiwibWFjIjoiM2FkMjJhOTgwMjlhNWYwYWEwM2IyYjYxYjZkNDI4MTkyMDc1NTQ1NzBjYjdiOWE5MDQ5NDZhNWRhZTQ0OGNjMSJ9', '2016-03-02 06:59:37', '2016-03-02 06:59:37');
INSERT INTO `tea_encrypted` VALUES ('77', 'eyJpdiI6IjlGalJKQzVVTExZZjhMYytvV1RRQXc9PSIsInZhbHVlIjoiRzhPd2ZQY29MXC9oMEV4M3gwRVJoZFE9PSIsIm1hYyI6Ijg1NzIxYTlmOWU1ODgxN2E5MDc3ZmFmODM0NjNlNTc3ZTBkMjYyZjUyZjVkOGEyNjA4NjI4ZGFhNjY4NTg0N2UifQ==', '2016-03-02 07:15:07', '2016-03-02 07:15:07');
INSERT INTO `tea_encrypted` VALUES ('78', 'eyJpdiI6IjhcL0hOK3dYdklzYUNhMGduU3hWZml3PT0iLCJ2YWx1ZSI6Ik9zTVIrQUpSK3ZjZ3V0WlVGMHlqSnRZT1VyZXkzVDJTWTZnS29NV2JQMTg9IiwibWFjIjoiMDNmNWZhNjMwZjM1NjAxYTcyZDcwNzNmNWMyYTcyOTZmN2VlMjZmOWU2ZTIzZWNlYmQ1ZThmNDNkZjBlNzAyNSJ9', '2016-03-02 10:26:43', '2016-03-02 10:26:43');
INSERT INTO `tea_encrypted` VALUES ('79', 'eyJpdiI6IlB4REFvS3BVdmc5d1Z3U25HSGJYUXc9PSIsInZhbHVlIjoib2tST2ZHTHJGdXVsSStBZFZaVVRhKzNXWE5iRzdhMXhKWSthaEdzdWNrOD0iLCJtYWMiOiJkNDlmZDYwNzgzYTMzZDk1YmYyZDU2OTA3MTYxYmFmNDYwNWVjNjI1NzU0YjZmNGM0NGM2MjRjYzgyODJhNWE1In0=', '2016-03-02 14:40:51', '2016-03-02 14:40:51');
INSERT INTO `tea_encrypted` VALUES ('80', 'eyJpdiI6InZiSldYN0JCUEVkZTMzT1BzVXhMdUE9PSIsInZhbHVlIjoiVWJodkxoSkkxbWZCaFVqYkl2c041cnVnVHpUcjVQeU9vdklWZG9ERldsWT0iLCJtYWMiOiJmMzMyZGRkMTNmMWEyYmI2ZTAyM2I0OTkzZGFhMTZjZGM1MjYwOWJiMzI4YjE4MjJmZjI0NTE2YWQxNDk4NWMzIn0=', '2016-03-03 01:16:14', '2016-03-03 01:16:14');
INSERT INTO `tea_encrypted` VALUES ('81', 'eyJpdiI6IjBaSVFrU0VvTWJQd0pqZ1I2Q2RId2c9PSIsInZhbHVlIjoiRUprM3JDZUhiQ3VaZHJqZGdzNXFBWXJNTVdEK1wvcE1ORnVSTVUwaWJPU3M9IiwibWFjIjoiNDczOTg3N2EyZjNjZWVhNGY2NjhhNzllY2FiMzFmNDMxYTM2NzcwNGY2NDI0Yzc3NDA5OWQ1NGZiMzc1ZmQ5ZiJ9', '2016-03-03 10:39:34', '2016-03-03 10:39:34');
INSERT INTO `tea_encrypted` VALUES ('82', 'eyJpdiI6IlF0TE55THVJaWlXSkp0Z2U2eDNwanc9PSIsInZhbHVlIjoiYVNCWVZqY1hRNEJrb3NWNTlIZ2RLZz09IiwibWFjIjoiZDdiYTJhNjVlZmIwOGJkMGI2NjE5YWFmOWNiMWUxMTQ3YzlhYzdiNTBlOGYyZWU3OTI1ZmUwNTE4MmZmNmU3ZSJ9', '2016-03-04 06:41:46', '2016-03-04 06:41:46');
INSERT INTO `tea_encrypted` VALUES ('83', 'eyJpdiI6IkkzRnQ2OERESFZ3UVZjd2ZUTWdyaFE9PSIsInZhbHVlIjoib3F3M3RjY1doSlwvRUhvZWVyQ0QrckU5QWxlMysxSzlpVUkzbTg1Nk84YkU9IiwibWFjIjoiNzJmOGUyNWY2NTY5YjdhNmRlNWEwY2RhZmNlMDk0YmI0OWI3YjIyYTQ4ZGEwMDI2NmE0ODA5NzVmZTBjMWFiOSJ9', '2016-03-04 06:42:49', '2016-03-04 06:42:49');
INSERT INTO `tea_encrypted` VALUES ('84', 'eyJpdiI6ImZkNmF3ZTkwYTVidFJINzdHb1F1Q2c9PSIsInZhbHVlIjoiQXpjNDc5b0s1NjdxY3BETWo2YUlWQT09IiwibWFjIjoiMDE3Y2FlNjQ1MTg2NjE3NzE2YmZlYmY4YTQyODI3NWQ2ZDNkNTEwNmI3MTQ0NTk0MGFkMzZmY2YzNDk1YmI1MyJ9', '2016-03-04 06:43:43', '2016-03-04 06:43:43');
INSERT INTO `tea_encrypted` VALUES ('85', 'eyJpdiI6Ijdpdmh3NWRTRE5SSWFQcndSQnRRQ0E9PSIsInZhbHVlIjoiZENzbkZjcXQzMmVZcVZTcm9cL0JSTkNBMnQ4RGJoSTJGMUdrZXpaTTdUdG89IiwibWFjIjoiYjFmZDY2NGNmYzAzM2ZiMjRlOGFlZmI5MDRmM2E2ZTk0YmYwYzU5YjNlODQ5NDMyZDhlY2E3ZGY0MDAzZjNhMiJ9', '2016-03-07 02:24:23', '2016-03-07 02:24:23');
INSERT INTO `tea_encrypted` VALUES ('87', 'eyJpdiI6Ik1Xa2tHUVFBZFNCVXFRV1ZRS3pJemc9PSIsInZhbHVlIjoiM2tHeVRsTWZSZGNOQTBwN0hlYml1UT09IiwibWFjIjoiMWZkMTQ3NTVlMjc0OWZmZDQwOGIzN2NhNjM5YjQ2OWRkYjhhMzJhMjM1NmQwZjRlZWUwZDI4M2Y5MmQ2ZjFjMCJ9', '2016-03-09 06:26:41', '2016-03-09 06:26:41');
INSERT INTO `tea_encrypted` VALUES ('88', 'eyJpdiI6IjAwUTJ0TzlTeHp5YndnMFdJSHRTb2c9PSIsInZhbHVlIjoiRnpLT2xGcXNmZ01lM0l3OGJQNzU2Zz09IiwibWFjIjoiYWY1OWEzMmI5Njk2OTc1OGU4NWNiMTIyM2RkNmMwOGRmZjEwMTBiZDU3MzBkYmVhZDQ4MTZmYmY2NzM5MDU4NiJ9', '2016-03-10 02:30:35', '2016-03-10 02:30:35');
INSERT INTO `tea_encrypted` VALUES ('89', 'eyJpdiI6ImlLVHVMRTdHb0plK0FYQlwvVnowZ09nPT0iLCJ2YWx1ZSI6Im1MQll1Y1g0OVZuSHlldXIyREFqRGc9PSIsIm1hYyI6ImIyMTI3NmVkNDBhMDE3MjQ4NWFhMTE2NDRmNzUyMzcwNWM2NTQzM2I3MjA4MjY5Y2M5MWI5MWNhZWJmM2U3MmEifQ==', '2016-03-10 07:36:49', '2016-03-10 07:36:49');
INSERT INTO `tea_encrypted` VALUES ('90', 'eyJpdiI6InVFeWpDckpTR0d0eTVSR2VrVVZJRnc9PSIsInZhbHVlIjoiMTJ3UCthdjdTWFY0ZFFjQ05hU3NlQT09IiwibWFjIjoiMjc0Nzc3YWUwODI5NzM3MDYyMmRlYzQ4N2QyZmZhNDk4Y2I3YTQ2NzkzOWM4NGQ4YWVmYTU1M2FhZTVhMjVlMiJ9', '2016-03-10 07:41:29', '2016-03-10 07:41:29');
INSERT INTO `tea_encrypted` VALUES ('91', 'eyJpdiI6IndkWHZEVElIMEFkOURZVDZJVm9LN3c9PSIsInZhbHVlIjoib3gzZWxyRWFERWRyVnVORGZlWUFVUT09IiwibWFjIjoiODUxZTUzOTJjZDMyODI4YzcwOGJiNGVhOGRlMzM0YTYzYjhmZmNiZDhlMTRiNmRlZGVhMWYzOWI3NjU2Y2MxNiJ9', '2016-03-10 11:20:37', '2016-03-10 11:20:37');
INSERT INTO `tea_encrypted` VALUES ('92', 'eyJpdiI6IlRndk00RDVtejY1RHk2VUx2RUFSZHc9PSIsInZhbHVlIjoiMXlCZm9cL1BUNGxZVThcL24xeTRDaDJBPT0iLCJtYWMiOiI2OWI5ZGNmZTBlMGU5ZDlhYmYyY2JmNzU5NjhkMWU4NjI5NGExMWJiNDAxMzk1MTJkMGNhMmRmMWU5NTRmMzYzIn0=', '2016-03-14 08:50:39', '2016-03-14 08:50:39');
INSERT INTO `tea_encrypted` VALUES ('93', 'eyJpdiI6IkVSUytNd0dNamVsZzVSZ1BXVDgzdXc9PSIsInZhbHVlIjoiQkRYNGFrdWVwQ1MzQmFOaFpxYklcL09XVkttN1Nxb1ZrVmcxcVFDZUVpSTA9IiwibWFjIjoiNTExODU3MTFmY2YzNmU4MGQ5YTI1MDUwMGMwMjRhOGE1ZTdiYzYyYjA1OTM4MGJlMTdhNzVlY2IyYWQ0YTdjMiJ9', '2016-03-14 09:00:01', '2016-03-14 09:00:01');
INSERT INTO `tea_encrypted` VALUES ('94', 'eyJpdiI6InJJRVBWMWV5eGxvblwvK2ZEeG1cL0srZz09IiwidmFsdWUiOiJTYmdzTjlRdEJtaEsyODFoR2NDa3BTWmsxeElqSCtsR1pnSjFSRFJ6WjJjPSIsIm1hYyI6ImQ1NGQzYWQ2NWE5NTE2MTdjNDkzZDBlMDhmNGE2NzFiOTI2YjBmNWE3YjQyMzU4ZWVhOGJlMWY1YTJkMmZhN2QifQ==', '2016-03-16 02:34:47', '2016-03-16 02:34:47');
INSERT INTO `tea_encrypted` VALUES ('95', 'eyJpdiI6InRqSDVjNXlNSElJeFF2UHl6MTZGUHc9PSIsInZhbHVlIjoiYkhweU5nK0pIcENzdjJSWnNIMW9RZz09IiwibWFjIjoiOTdhNTFhZjdjZTI5MjI0NGJkYjE1ZjIzYWIwMmU0ZDgwOGFjYTQ3N2ZlYzE5MWJkZjBhZDRjZTBlZTc5YWY0NSJ9', '2016-03-21 04:48:37', '2016-03-21 04:48:37');
INSERT INTO `tea_encrypted` VALUES ('96', 'eyJpdiI6ImRYR2lnY3dZSHdMZmtZMXE3NE1HYWc9PSIsInZhbHVlIjoiVE40S3kyZU03OGZSeWZZU1JWMHhQZz09IiwibWFjIjoiMjg4OGY3M2FlYmY4YjM0MDY1ODQ1YmRlY2U5MzYyOTc0OTcxODM3YzA2ZjQ4MzBmYjZmNzQ2ZGNlODc4MjczYSJ9', '2016-03-21 04:53:16', '2016-03-21 04:53:16');
INSERT INTO `tea_encrypted` VALUES ('97', 'eyJpdiI6InEwbGpnTGsrNzUrZFE3S3BlTzVpcEE9PSIsInZhbHVlIjoiRUxXUXVySGUyNmZqcXR1NXZmTnpKZz09IiwibWFjIjoiNTAyODYwYTQ1MjkyZjM1MGZjMDJhMjEzZjgyMWQxYjYyMzJiYzYyMGI5YTQ3MjI0MzdkZGZjOTc3MjFiMDBlNSJ9', '2016-03-21 04:56:30', '2016-03-21 04:56:30');
INSERT INTO `tea_encrypted` VALUES ('98', 'eyJpdiI6IjRUZFhMUzdHS3Y4TUg4bnNjMzFTUkE9PSIsInZhbHVlIjoiSWJtTmdkVUR0ZWRyXC92TVNQVTlxd2c9PSIsIm1hYyI6IjYxOGFhYjgwOWY0NTNiYzEyNDkwMGI3MjQyZGM1ZDQ1NjJiZTc0ZWYwNGIyMTIyZDUzNGQ3ZDQ3ZWNiYTBjNGUifQ==', '2016-03-21 04:58:09', '2016-03-21 04:58:09');
INSERT INTO `tea_encrypted` VALUES ('99', 'eyJpdiI6IkpIODB4aVJxdDg0SHlJcjRpeXplb1E9PSIsInZhbHVlIjoiQ2dOYWhZQ1IxRThveFZkMEtPcXVlQT09IiwibWFjIjoiYjgzOWNmYjdjYWUwMTkyN2NhNTEwYmU5MTc2NzM5YzUzMDU2OWM1NTJiOTM4ZGUyNTEwYmI1OTI4ZGFmYTQ3OCJ9', '2016-03-21 04:59:34', '2016-03-21 04:59:34');
INSERT INTO `tea_encrypted` VALUES ('100', 'eyJpdiI6Ijl2Mm9zRGZ0YklINXU1NG84V0JsbGc9PSIsInZhbHVlIjoiZFNIQTh2azN5MGJkek1rMlllUVVBZz09IiwibWFjIjoiOWNhMjQ1NzI3MTUzZGZiYzBiMWM0MDNhYTYwZDAzMGI1MjkzMThlYWUzMzYxMWY5MjQ0NTAzNGU5NmI1YzU5YSJ9', '2016-03-21 05:01:27', '2016-03-21 05:01:27');
INSERT INTO `tea_encrypted` VALUES ('101', 'eyJpdiI6InE5U1BaTk14VW5BZnF2TVBLMXBBcEE9PSIsInZhbHVlIjoiNnltMThpSE4rNlBaTndnK1FGNlJkUT09IiwibWFjIjoiMmNmNjI2NDVjZDZlZDEzODhjNmEwNWJiNmZhZTc1MGU0YzE5ZWZlZjE4OWJmMWY5OTFhYjg1ODY4MjRmMWY3NCJ9', '2016-03-23 07:54:18', '2016-03-23 07:54:18');

-- ----------------------------
-- Table structure for tea_files
-- ----------------------------
DROP TABLE IF EXISTS `tea_files`;
CREATE TABLE `tea_files` (
  `id` int(11) NOT NULL AUTO_INCREMENT,
  `teacher_id` int(11) DEFAULT NULL,
  `student_id` int(11) DEFAULT NULL,
  `file_name` varchar(255) DEFAULT NULL,
  `created_at` datetime DEFAULT NULL,
  `updated_at` datetime DEFAULT NULL,
  `mimetype` varchar(255) DEFAULT NULL,
  `orig_file` varchar(255) DEFAULT NULL,
  `ext` varchar(255) DEFAULT NULL,
  `file_desc` varchar(255) DEFAULT NULL,
  `status` int(11) DEFAULT '0',
  PRIMARY KEY (`id`)
) ENGINE=InnoDB AUTO_INCREMENT=89 DEFAULT CHARSET=latin1;

-- ----------------------------
-- Records of tea_files
-- ----------------------------
INSERT INTO `tea_files` VALUES ('74', '7', null, 'phpC6FD.tmp.jpg', '2016-02-16 11:01:03', '2016-02-16 11:01:03', 'image/jpeg', '12620711_1247819981899800_1374221778_o.jpg', 'jpg', null, '0');
INSERT INTO `tea_files` VALUES ('75', '7', null, 'php6041.tmp.jpg', '2016-02-16 11:01:42', '2016-02-16 11:01:42', 'image/jpeg', '12620711_1247819981899800_1374221778_o.jpg', 'jpg', null, '0');
INSERT INTO `tea_files` VALUES ('76', '7', null, 'php8180.tmp.jpg', '2016-02-16 11:02:56', '2016-02-16 11:02:56', 'image/jpeg', '12620711_1247819981899800_1374221778_o.jpg', 'jpg', null, '0');
INSERT INTO `tea_files` VALUES ('77', '7', null, 'phpAAC4.tmp.jpg', '2016-02-16 11:03:07', '2016-02-16 11:03:07', 'image/jpeg', '12620711_1247819981899800_1374221778_o.jpg', 'jpg', null, '0');
INSERT INTO `tea_files` VALUES ('78', '7', null, 'php8E8D.tmp.jpg', '2016-02-16 11:04:05', '2016-02-16 11:04:05', 'image/jpeg', '12620711_1247819981899800_1374221778_o.jpg', 'jpg', null, '0');
INSERT INTO `tea_files` VALUES ('79', '7', null, 'php62C7.tmp.jpg', '2016-02-16 11:05:00', '2016-02-16 11:05:00', 'image/jpeg', '12620711_1247819981899800_1374221778_o.jpg', 'jpg', null, '0');
INSERT INTO `tea_files` VALUES ('80', '7', null, 'php43D1.tmp.jpg', '2016-02-16 11:05:57', '2016-02-16 11:05:57', 'image/jpeg', '12620711_1247819981899800_1374221778_o.jpg', 'jpg', null, '0');
INSERT INTO `tea_files` VALUES ('81', '7', null, 'phpF2F9.tmp.jpg', '2016-02-16 11:07:48', '2016-02-16 11:07:48', 'image/jpeg', '12620711_1247819981899800_1374221778_o.jpg', 'jpg', null, '0');
INSERT INTO `tea_files` VALUES ('82', '7', null, 'php2852.tmp.jpg', '2016-02-16 11:08:01', '2016-02-16 11:08:01', 'image/jpeg', '12620711_1247819981899800_1374221778_o.jpg', 'jpg', null, '0');
INSERT INTO `tea_files` VALUES ('83', '7', null, 'php46AF.tmp.jpg', '2016-02-16 11:10:20', '2016-02-16 11:10:20', 'image/jpeg', '12620711_1247819981899800_1374221778_o.jpg', 'jpg', null, '0');
INSERT INTO `tea_files` VALUES ('85', '7', '3', 'php63E4.tmp.jpg', '2016-02-17 02:49:49', '2016-02-17 02:49:49', 'image/jpeg', '311.jpg', 'jpg', 'sample desc', '1');
INSERT INTO `tea_files` VALUES ('86', '7', null, 'php2FA4.tmp.jpg', '2016-02-19 02:22:14', '2016-02-19 02:22:14', 'image/jpeg', '212.jpg.jpg', 'jpg', null, '0');
INSERT INTO `tea_files` VALUES ('87', '7', '3', 'phpB31A.tmp.jpg', '2016-02-23 05:47:40', '2016-02-23 05:47:40', 'image/jpeg', '311.jpg', 'jpg', 'new file', '1');
INSERT INTO `tea_files` VALUES ('88', '7', '4', 'phpE036.tmp.jpg', '2016-02-23 05:47:51', '2016-02-23 05:47:51', 'image/jpeg', '12620711_1247819981899800_1374221778_o.jpg (1).jpg', 'jpg', 'fileasd', '1');

-- ----------------------------
-- Table structure for tea_history
-- ----------------------------
DROP TABLE IF EXISTS `tea_history`;
CREATE TABLE `tea_history` (
  `id` int(11) NOT NULL AUTO_INCREMENT,
  `user_id` int(11) DEFAULT NULL,
  `opponent_id` int(11) DEFAULT NULL,
  `duration` varchar(255) DEFAULT NULL,
  `created_at` datetime DEFAULT NULL ON UPDATE CURRENT_TIMESTAMP,
  `updated_at` datetime DEFAULT NULL ON UPDATE CURRENT_TIMESTAMP,
  `date` varchar(255) DEFAULT NULL,
  PRIMARY KEY (`id`)
) ENGINE=InnoDB AUTO_INCREMENT=50 DEFAULT CHARSET=latin1;

-- ----------------------------
-- Records of tea_history
-- ----------------------------
INSERT INTO `tea_history` VALUES ('1', '7', '8', '00:01:05', '2016-02-25 06:32:31', '2016-02-25 06:32:31', null);
INSERT INTO `tea_history` VALUES ('2', '8', '7', '00:01:13', '2016-02-25 06:32:40', '2016-02-25 06:32:40', null);
INSERT INTO `tea_history` VALUES ('3', '8', '7', '00:06:41', '2016-02-25 06:47:31', '2016-02-25 06:47:31', null);
INSERT INTO `tea_history` VALUES ('4', '7', '8', '00:01:18', '2016-02-25 06:48:43', '2016-02-25 06:48:43', null);
INSERT INTO `tea_history` VALUES ('5', '8', '7', '00:01:26', '2016-02-25 06:48:49', '2016-02-25 06:48:49', null);
INSERT INTO `tea_history` VALUES ('6', '8', null, 'Missed', '2016-02-25 07:04:19', '2016-02-25 07:04:19', null);
INSERT INTO `tea_history` VALUES ('7', '7', '8', 'Rejected', '2016-02-25 07:04:19', '2016-02-25 07:04:19', null);
INSERT INTO `tea_history` VALUES ('8', '7', '8', 'Rejected', '2016-02-25 07:04:19', '2016-02-25 07:04:19', null);
INSERT INTO `tea_history` VALUES ('9', '8', null, 'Missed', '2016-02-25 07:08:44', '2016-02-25 07:08:44', null);
INSERT INTO `tea_history` VALUES ('10', '7', '8', 'Rejected', '2016-02-25 07:08:44', '2016-02-25 07:08:44', null);
INSERT INTO `tea_history` VALUES ('11', '7', '8', 'Rejected', '2016-02-25 07:08:44', '2016-02-25 07:08:44', null);
INSERT INTO `tea_history` VALUES ('12', '7', '8', 'No answer', '2016-03-10 06:23:26', '2016-03-10 06:23:26', null);
INSERT INTO `tea_history` VALUES ('13', '73', '35', 'No answer', '2016-03-28 03:07:39', '2016-03-28 03:07:39', null);
INSERT INTO `tea_history` VALUES ('14', '35', '73', 'Missed', '2016-03-28 03:08:27', '2016-03-28 03:08:27', null);
INSERT INTO `tea_history` VALUES ('15', '35', '73', 'Missed', '2016-03-28 03:08:52', '2016-03-28 03:08:52', null);
INSERT INTO `tea_history` VALUES ('16', '73', '35', 'Rejected', '2016-03-28 03:08:53', '2016-03-28 03:08:53', null);
INSERT INTO `tea_history` VALUES ('17', '73', '35', 'Rejected', '2016-03-28 03:08:53', '2016-03-28 03:08:53', null);
INSERT INTO `tea_history` VALUES ('18', '35', '73', 'Missed', '2016-03-28 03:17:19', '2016-03-28 03:17:19', null);
INSERT INTO `tea_history` VALUES ('19', '73', '35', 'Rejected', '2016-03-28 03:17:19', '2016-03-28 03:17:19', null);
INSERT INTO `tea_history` VALUES ('20', '73', '35', 'Rejected', '2016-03-28 03:17:19', '2016-03-28 03:17:19', null);
INSERT INTO `tea_history` VALUES ('21', '35', '73', 'Missed', '2016-03-28 03:20:30', '2016-03-28 03:20:30', null);
INSERT INTO `tea_history` VALUES ('22', '73', '35', 'Rejected', '2016-03-28 03:20:31', '2016-03-28 03:20:31', null);
INSERT INTO `tea_history` VALUES ('23', '73', '35', 'Rejected', '2016-03-28 03:20:31', '2016-03-28 03:20:31', null);
INSERT INTO `tea_history` VALUES ('24', '35', '73', 'Rejected', '2016-03-28 03:23:33', '2016-03-28 03:23:33', null);
INSERT INTO `tea_history` VALUES ('25', '35', '73', 'Rejected', '2016-03-28 03:23:33', '2016-03-28 03:23:33', null);
INSERT INTO `tea_history` VALUES ('26', '73', '35', 'Missed', '2016-03-28 03:23:41', '2016-03-28 03:23:41', null);
INSERT INTO `tea_history` VALUES ('27', '73', '35', 'Rejected', '2016-03-28 03:25:37', '2016-03-28 03:25:37', null);
INSERT INTO `tea_history` VALUES ('28', '73', '35', 'Rejected', '2016-03-28 03:25:37', '2016-03-28 03:25:37', null);
INSERT INTO `tea_history` VALUES ('29', '35', '73', 'Missed', '2016-03-28 03:25:38', '2016-03-28 03:25:38', null);
INSERT INTO `tea_history` VALUES ('30', '35', '73', 'Rejected', '2016-03-28 03:39:30', '2016-03-28 03:39:30', null);
INSERT INTO `tea_history` VALUES ('31', '35', '73', 'Rejected', '2016-03-28 03:39:30', '2016-03-28 03:39:30', null);
INSERT INTO `tea_history` VALUES ('32', '73', '35', 'Missed', '2016-03-28 03:39:31', '2016-03-28 03:39:31', 'Mar 28,2016 Mon');
INSERT INTO `tea_history` VALUES ('33', '35', '73', 'Missed', '2016-03-28 06:08:46', '2016-03-28 06:08:46', 'Mar 28,2016 Mon');
INSERT INTO `tea_history` VALUES ('34', '73', '35', 'Rejected', '2016-03-28 06:08:46', '2016-03-28 06:08:46', null);
INSERT INTO `tea_history` VALUES ('35', '73', '35', 'Rejected', '2016-03-28 06:08:46', '2016-03-28 06:08:46', null);
INSERT INTO `tea_history` VALUES ('36', '73', '35', 'Missed', '2016-03-28 06:09:13', '2016-03-28 06:09:13', 'Mar 28,2016 Mon');
INSERT INTO `tea_history` VALUES ('37', '35', '73', 'Rejected', '2016-03-28 06:09:13', '2016-03-28 06:09:13', null);
INSERT INTO `tea_history` VALUES ('38', '35', '73', 'Rejected', '2016-03-28 06:09:14', '2016-03-28 06:09:14', null);
INSERT INTO `tea_history` VALUES ('39', '73', '35', 'Missed', '2016-03-28 06:21:30', '2016-03-28 06:21:30', 'Mar 28,2016 Mon');
INSERT INTO `tea_history` VALUES ('40', '35', '73', 'Rejected', '2016-03-28 06:21:30', '2016-03-28 06:21:30', null);
INSERT INTO `tea_history` VALUES ('41', '35', '73', 'Rejected', '2016-03-28 06:21:30', '2016-03-28 06:21:30', null);
INSERT INTO `tea_history` VALUES ('42', '35', '73', 'Missed', '2016-03-28 06:41:13', '2016-03-28 06:41:13', 'Mar 28,2016 Mon');
INSERT INTO `tea_history` VALUES ('43', '73', '35', 'Rejected', '2016-03-28 06:41:14', '2016-03-28 06:41:14', null);
INSERT INTO `tea_history` VALUES ('44', '73', '35', 'Rejected', '2016-03-28 06:41:14', '2016-03-28 06:41:14', null);
INSERT INTO `tea_history` VALUES ('45', '35', '8', 'No answer', '2016-03-29 06:17:48', '2016-03-29 06:17:48', null);
INSERT INTO `tea_history` VALUES ('46', '35', '86', 'Missed', '2016-03-29 06:18:15', '2016-03-29 06:18:15', 'Mar 29,2016 Tues');
INSERT INTO `tea_history` VALUES ('47', '73', '35', 'Missed', '2016-03-29 06:49:08', '2016-03-29 06:49:08', 'Mar 29,2016 Tues');
INSERT INTO `tea_history` VALUES ('48', '35', '73', 'Rejected', '2016-03-29 06:49:09', '2016-03-29 06:49:09', null);
INSERT INTO `tea_history` VALUES ('49', '35', '73', 'Rejected', '2016-03-29 06:49:09', '2016-03-29 06:49:09', null);

-- ----------------------------
-- Table structure for tea_parent_profile
-- ----------------------------
DROP TABLE IF EXISTS `tea_parent_profile`;
CREATE TABLE `tea_parent_profile` (
  `id` bigint(20) NOT NULL AUTO_INCREMENT,
  `user_id` bigint(20) NOT NULL DEFAULT '0',
  `address` varchar(150) DEFAULT NULL,
  `contact_home` varchar(100) DEFAULT NULL,
  `contact_mobile` varchar(100) DEFAULT NULL,
  `contact_no` varchar(150) DEFAULT NULL,
  `created_at` datetime DEFAULT NULL,
  `updated_at` datetime DEFAULT NULL,
  PRIMARY KEY (`id`),
  KEY `parent_id` (`user_id`)
) ENGINE=InnoDB AUTO_INCREMENT=4 DEFAULT CHARSET=latin1;

-- ----------------------------
-- Records of tea_parent_profile
-- ----------------------------
INSERT INTO `tea_parent_profile` VALUES ('1', '2', null, null, null, null, '2016-02-02 09:17:07', '2016-02-02 09:17:07');
INSERT INTO `tea_parent_profile` VALUES ('2', '6', null, null, null, null, '2016-02-04 07:34:30', '2016-02-04 07:34:30');
INSERT INTO `tea_parent_profile` VALUES ('3', '8', 'sample ', '123123', '631-231-2323', '123123', '2016-02-04 07:51:57', '2016-03-18 09:15:41');

-- ----------------------------
-- Table structure for tea_schedule
-- ----------------------------
DROP TABLE IF EXISTS `tea_schedule`;
CREATE TABLE `tea_schedule` (
  `id` bigint(20) NOT NULL AUTO_INCREMENT,
  `to_user_id` bigint(20) NOT NULL,
  `from_user_id` bigint(20) NOT NULL,
  `date` date NOT NULL,
  `time_start` time NOT NULL,
  `time_end` time NOT NULL,
  `approve` int(11) NOT NULL DEFAULT '0',
  `reserve` int(11) NOT NULL DEFAULT '0',
  `seen` int(11) NOT NULL DEFAULT '0',
  `created_at` datetime DEFAULT NULL,
  `updated_at` datetime DEFAULT NULL,
  PRIMARY KEY (`id`)
) ENGINE=InnoDB DEFAULT CHARSET=latin1;

-- ----------------------------
-- Records of tea_schedule
-- ----------------------------

-- ----------------------------
-- Table structure for tea_school
-- ----------------------------
DROP TABLE IF EXISTS `tea_school`;
CREATE TABLE `tea_school` (
  `id` int(11) NOT NULL AUTO_INCREMENT,
  `school_name` varchar(255) DEFAULT NULL,
  `school_logo` varchar(255) DEFAULT NULL,
  `created_at` datetime DEFAULT NULL,
  `updated_at` datetime DEFAULT NULL,
  `qbDialog_id` varchar(255) DEFAULT NULL,
  `state_id` int(11) DEFAULT NULL,
  `upload` int(1) DEFAULT '0',
  PRIMARY KEY (`id`)
) ENGINE=InnoDB AUTO_INCREMENT=15 DEFAULT CHARSET=latin1;

-- ----------------------------
-- Records of tea_school
-- ----------------------------
INSERT INTO `tea_school` VALUES ('1', 'Ateneo De Manila', 'ateneo.jpg', '2015-12-08 10:03:20', '2016-03-10 06:11:45', null, '3', '1');
INSERT INTO `tea_school` VALUES ('2', 'DLSU Zobel', 'dlsu-zobel.jpg', '2015-12-08 10:03:23', '2016-03-15 05:47:54', null, '3', '1');
INSERT INTO `tea_school` VALUES ('3', 'IS Manila', 'is-manila.jpg', '2015-12-08 10:04:10', null, null, '3', '0');
INSERT INTO `tea_school` VALUES ('4', 'XavierS', 'Avatar-512.png', '2015-12-08 10:04:13', '2016-03-29 05:33:15', null, '3', '0');
INSERT INTO `tea_school` VALUES ('5', 'Wanbol', 'wanbol.jpg', '2015-12-08 10:04:15', '2016-03-10 06:10:38', null, '3', '1');
INSERT INTO `tea_school` VALUES ('6', 'Southville Int\'l School', 'southville.jpg', '2015-12-08 15:33:40', '0000-00-00 00:00:00', '569c5381a0eb47243000031c', '3', '0');
INSERT INTO `tea_school` VALUES ('7', 'Maret School', 'maret.png', '2016-01-19 10:14:52', null, null, '1', '0');
INSERT INTO `tea_school` VALUES ('8', 'Washington Int\'l School', 'washington-int\'l.jpg', '2016-01-19 10:14:56', null, null, '1', '0');
INSERT INTO `tea_school` VALUES ('9', 'St. Albans School', 'st-albans.jpg', '2016-01-19 10:14:59', null, null, '1', '0');
INSERT INTO `tea_school` VALUES ('10', 'Bergen Catholic', 'bergen-catholic.png', '2016-01-19 10:15:02', '2016-03-10 06:11:46', null, '2', '1');
INSERT INTO `tea_school` VALUES ('11', 'Don Bosco', 'don-bosco.jpg', '2016-01-19 10:15:05', '2016-03-10 06:11:47', null, '2', '1');
INSERT INTO `tea_school` VALUES ('12', 'St. Joseph Regional', 'st.joseph.jpg', '2016-01-19 10:15:07', null, null, '2', '0');
INSERT INTO `tea_school` VALUES ('13', 'Holy Angels', 'holy-angels.jpg', '2016-01-19 10:15:10', null, null, '2', '0');
INSERT INTO `tea_school` VALUES ('14', 'Francis Hammond', 'francis-hammond.jpg', null, '2016-03-10 05:28:47', null, '1', '0');

-- ----------------------------
-- Table structure for tea_state_us
-- ----------------------------
DROP TABLE IF EXISTS `tea_state_us`;
CREATE TABLE `tea_state_us` (
  `id` int(11) NOT NULL AUTO_INCREMENT,
  `state_name` varchar(255) DEFAULT NULL,
  `created_at` datetime DEFAULT NULL,
  `updated_at` datetime DEFAULT NULL,
  `country` varchar(255) DEFAULT NULL,
  PRIMARY KEY (`id`)
) ENGINE=InnoDB AUTO_INCREMENT=6 DEFAULT CHARSET=latin1;

-- ----------------------------
-- Records of tea_state_us
-- ----------------------------
INSERT INTO `tea_state_us` VALUES ('1', 'Washinton DC', '2016-01-18 16:49:25', null, 'United States');
INSERT INTO `tea_state_us` VALUES ('2', 'New Jersey', '2016-01-18 16:49:29', null, 'United States');
INSERT INTO `tea_state_us` VALUES ('3', 'Philippines', '2016-01-19 10:14:41', null, 'Philippines');
INSERT INTO `tea_state_us` VALUES ('4', 'asd', '2016-03-14 03:50:56', '2016-03-14 03:50:56', 'asd');
INSERT INTO `tea_state_us` VALUES ('5', 'asdasd', null, null, 'United States');

-- ----------------------------
-- Table structure for tea_students
-- ----------------------------
DROP TABLE IF EXISTS `tea_students`;
CREATE TABLE `tea_students` (
  `id` int(11) NOT NULL AUTO_INCREMENT,
  `child_id` int(11) DEFAULT NULL,
  `parent_id` int(11) DEFAULT NULL,
  `subject_id` int(11) DEFAULT NULL,
  `child_grade` varchar(255) DEFAULT NULL,
  `teacher_id` int(11) DEFAULT NULL,
  `child_section` varchar(255) DEFAULT NULL,
  `created_at` datetime DEFAULT NULL,
  `updated_at` datetime DEFAULT NULL,
  PRIMARY KEY (`id`)
) ENGINE=InnoDB AUTO_INCREMENT=37 DEFAULT CHARSET=latin1;

-- ----------------------------
-- Records of tea_students
-- ----------------------------
INSERT INTO `tea_students` VALUES ('34', '3', '8', '1', 'Grade 6', '7', '', '2016-02-23 05:33:11', '2016-02-23 05:33:11');
INSERT INTO `tea_students` VALUES ('35', '3', '8', null, 'Grade 6', '9', '', '2016-02-23 05:33:28', '2016-02-23 05:33:28');
INSERT INTO `tea_students` VALUES ('36', '4', '8', '1', 'Grade 2', '7', '', '2016-02-23 05:55:16', '2016-02-23 05:55:16');

-- ----------------------------
-- Table structure for tea_subjects
-- ----------------------------
DROP TABLE IF EXISTS `tea_subjects`;
CREATE TABLE `tea_subjects` (
  `id` int(11) NOT NULL AUTO_INCREMENT,
  `user_id` int(11) DEFAULT NULL,
  `subject_name` varchar(255) DEFAULT NULL,
  `created_at` datetime DEFAULT NULL,
  `updated_at` datetime DEFAULT NULL,
  PRIMARY KEY (`id`)
) ENGINE=InnoDB AUTO_INCREMENT=2 DEFAULT CHARSET=latin1;

-- ----------------------------
-- Records of tea_subjects
-- ----------------------------
INSERT INTO `tea_subjects` VALUES ('1', '7', 'Math', null, null);

-- ----------------------------
-- Table structure for tea_teacher_profile
-- ----------------------------
DROP TABLE IF EXISTS `tea_teacher_profile`;
CREATE TABLE `tea_teacher_profile` (
  `id` bigint(20) NOT NULL AUTO_INCREMENT,
  `user_id` bigint(20) NOT NULL,
  `about` varchar(255) NOT NULL,
  `address` varchar(150) DEFAULT NULL,
  `contact_no` varchar(150) DEFAULT NULL,
  `profile_image` varchar(150) DEFAULT NULL,
  `experience` varchar(255) NOT NULL,
  `cv_file` varchar(100) NOT NULL,
  `created_at` datetime DEFAULT NULL,
  `updated_at` datetime DEFAULT NULL,
  PRIMARY KEY (`id`),
  KEY `teacher_id` (`user_id`)
) ENGINE=InnoDB AUTO_INCREMENT=7 DEFAULT CHARSET=latin1;

-- ----------------------------
-- Records of tea_teacher_profile
-- ----------------------------
INSERT INTO `tea_teacher_profile` VALUES ('1', '1', '', null, null, null, '', '', '2016-02-01 09:57:18', '2016-02-01 09:57:18');
INSERT INTO `tea_teacher_profile` VALUES ('2', '3', '', null, null, null, '', '', '2016-02-02 10:09:22', '2016-02-02 10:09:22');
INSERT INTO `tea_teacher_profile` VALUES ('3', '4', '', null, null, null, '', '', '2016-02-03 10:01:30', '2016-02-03 10:01:30');
INSERT INTO `tea_teacher_profile` VALUES ('4', '5', '', null, null, null, '', '', '2016-02-04 07:15:54', '2016-02-04 07:15:54');
INSERT INTO `tea_teacher_profile` VALUES ('5', '7', '', null, '1231231', null, '', '', '2016-02-04 07:37:54', '2016-02-19 07:23:42');
INSERT INTO `tea_teacher_profile` VALUES ('6', '9', '', null, null, null, '', '', '2016-02-17 02:16:53', '2016-02-17 02:16:53');

-- ----------------------------
-- Table structure for tea_users
-- ----------------------------
DROP TABLE IF EXISTS `tea_users`;
CREATE TABLE `tea_users` (
  `id` bigint(20) NOT NULL AUTO_INCREMENT,
  `password` varchar(255) DEFAULT NULL,
  `email` varchar(100) DEFAULT NULL,
  `qbUserId` varchar(100) DEFAULT NULL,
  `qbToken` varchar(100) DEFAULT NULL,
  `first_name` varchar(255) DEFAULT NULL,
  `profile_img` varchar(255) DEFAULT NULL,
  `name_prefix` varchar(4) DEFAULT NULL,
  `last_name` varchar(255) DEFAULT NULL,
  `active` tinyint(4) DEFAULT NULL,
  `school_id` tinyint(4) DEFAULT NULL,
  `role_id` tinyint(4) DEFAULT NULL,
  `verification_code` varchar(255) DEFAULT NULL,
  `status` tinyint(4) DEFAULT NULL,
  `created_at` datetime DEFAULT NULL,
  `updated_at` datetime DEFAULT NULL,
  `remember_token` varchar(255) DEFAULT NULL,
  `suspend` int(11) NOT NULL DEFAULT '0',
  PRIMARY KEY (`id`)
) ENGINE=InnoDB AUTO_INCREMENT=102 DEFAULT CHARSET=latin1;

-- ----------------------------
-- Records of tea_users
-- ----------------------------
INSERT INTO `tea_users` VALUES ('8', '$2y$10$zyIrkezkc8uoh9/pXHASkOQlO1g1Ppn4YqnIeeSrC8CbLg2jKPQxq', 'parentv2_@test.com', '8899593', null, 'Parent', 'phphvNzdi.jpg', 'Ms.', 'Parent Test', '0', '4', '3', '36V69', '0', '2016-02-04 07:51:57', '2016-03-28 01:09:10', '9h5ASbPFuLvT9lv1HA84cI60870FUv8xWFalvZ3zOCV8JoXWDXaJT91RUcXT', '0');
INSERT INTO `tea_users` VALUES ('19', '$2y$10$zyIrkezkc8uoh9/pXHASkOQlO1g1Ppn4YqnIeeSrC8CbLg2jKPQxq', 'paolo@incubixtech.com', '9070448', null, 'pao', 'dp.png', 'Mr.', 'garcia', '0', '4', '2', 'A8430', '0', '2016-02-11 07:49:32', '2016-03-28 01:06:47', 'zsjl0IST3zLoSBzfXSLK81dJDAFFncKzx8GEUMLi4dHl3NGoQQv24o7y0cBa', '0');
INSERT INTO `tea_users` VALUES ('21', '$2y$10$uSHYNLQEnIHn4Ts05L5E5ORy6aHW5G3dhIUx/WV0abbUOK0cvMHNC', 'paolo@ikahrusintel.com', '9090571', null, 'Paolo Alejandro', 'dp.png', 'Mr.', 'Catilo', '1', '14', '2', '7696T', '0', '2016-02-12 02:30:02', '2016-02-12 02:30:16', null, '0');
INSERT INTO `tea_users` VALUES ('24', '$2y$10$K0B084Q.ep63PuPhJ1bG1eexBLxKOeDEdXWQVnDe3SmcmpOH059F2', 'hilario_david@aol.com', '9090703', null, 'larry', 'dp.png', 'Mr.', 'david', '1', '14', '3', '684N0', '0', '2016-02-12 02:36:54', '2016-02-12 03:11:29', 'hot6Rwp5Q4trot55eh0JOQRsmnxBQnrjFyBhNxpPVZbiPbfzRHsAUGfwZVrC', '0');
INSERT INTO `tea_users` VALUES ('25', '$2y$10$hcu4IZynX03KrPt9frHCZOKnyPfSDs0cj/Fk/xhVGdWBYBUs1scQS', 'booking@gigsplash.com', '9090776', null, 'Rein ', 'dp.png', 'Ms.', 'Bautista', '0', '14', '2', '1t880', '0', '2016-02-12 02:42:02', '2016-03-18 10:53:43', 'ulhvWdlr1uAQeXoinBsesblMfqB9ugOwXw2jtVY04CbpBeM7SStFytWcDZuV', '0');
INSERT INTO `tea_users` VALUES ('26', '$2y$10$InmBa0TuGaQcmKjA9aganuzmwxErS7ysi9PbNU539c9f3yej7qpOu', 'john@incubixtech.com', '9090841', null, 'john', 'john-56577.jpg', 'Mr.', 'san pedro', '1', '15', '3', '4y599', '0', '2016-02-12 02:46:26', '2016-03-03 13:20:09', 'AbkL2NzMupLljdrwGZuiBOAbIGTvVovaHZ2XyPP4WRG4pkf2euAcTGaZlE1K', '0');
INSERT INTO `tea_users` VALUES ('27', '$2y$10$L5NqTJ8FcDCbtvlJhVQwAeFT4hPAMAzqWd3c.Dh6OiQts8Y8Rz6Oq', 'rard@incubixtech.com', '9100621', null, 'Test', 'Test-29386.jpg', 'Mr.', 'Rard', '1', '5', '3', '427D4', '0', '2016-02-12 10:50:12', '2016-03-01 03:59:49', 'gffwI2BqzU4YBwwgc4ZNfI25WyeuZJsfYJSiZmFIFVveO3GI2PxHCLpR3xzX', '0');
INSERT INTO `tea_users` VALUES ('28', '$2y$10$cwi6JxIq5DWgDG6MuGuU0.Rku0YOg83w2R7DiEP7f2nZLLmoK/We.', 'armando@hybols.com', '9359331', null, 'Armando', 'phpsEkrVY.jpg', 'Mr.', 'Ortega', '1', '14', '2', '6w247', '0', '2016-02-15 01:59:57', '2016-03-22 08:26:50', 'p6p5CNwQkXNqiFsZdk1xS4iJnnPmJ7xZbRO6Fy44Ajb6sh5jftFDOsSKr9N3', '0');
INSERT INTO `tea_users` VALUES ('30', '$2y$10$C9ckewwT6joLyRjMMVSk9ei6RQty9B/AnSvTCP4qwcLSi57AQY6fC', 'rdMndza@gmail.com', '9374322', null, 'Rard', 'dp.png', 'Mr.', 'Teacher', '0', '5', '2', '9213l', '0', '2016-02-15 10:54:30', '2016-03-01 04:00:15', null, '0');
INSERT INTO `tea_users` VALUES ('31', '$2y$10$UcWDaQB3LauSom/fEBbn1u7rYv4e8W8i6B95pCBS3UlxyRibRJTL.', 'armando@alorro.com', '9539545', null, 'Jun', 'php7L57KB.jpg', 'Mr.', 'Reyes', '0', '14', '3', '81e53', '0', '2016-02-17 05:08:34', '2016-03-15 09:43:00', 'ELgzRbVVrge8pLvCc3F0WEiMC258Guv63n5jTeawEqF6iV0t1egBSHcgkH9v', '0');
INSERT INTO `tea_users` VALUES ('32', '$2y$10$cNH8AHFssQbxvRhTswcdEeclju7CBTXVr6LEoe7EuEcBy.p9doHEG', 'paolo_@yopmail.com', '9566394', null, 'paolo', 'dp.png', 'Mr.', 'garcia', '0', '5', '2', 'p3468', '0', '2016-02-18 07:29:06', '2016-02-18 08:43:52', 'yehVkyv8rC74AJcOwCw7tvg8g6hsDylZhtGHCR3RfZfwEAeG3lI14RGAFWxt', '0');
INSERT INTO `tea_users` VALUES ('33', '$2y$10$dQPH2q83V0wCTC2Ej.i.deLyAANjGdavAIIOBEzE6SRbGWm69HwsO', 'jspnyc321@gmail.com', '9567453', null, 'JSP', 'dp.png', 'Mr.', 'TEACHER', '0', '15', '2', 'g6938', '0', '2016-02-18 08:36:55', '2016-02-24 03:11:32', 'BpXeBW0Dk7bTpNOeJU2c0CpAbOOX8owP6LjpOVQ660BjbK7Fz3Ll6ypJnT54', '0');
INSERT INTO `tea_users` VALUES ('34', '$2y$10$YMhE9HbFpHAh2fdG4U/qvugeJLq7MehUcveGiEch2BTHfQ1ubbFFq', 'paolo__@yopmail.com', '9567578', null, 'Paolo', 'dp.png', 'Mr.', 'Garcia', '1', '14', '2', '1247i', '0', '2016-02-18 08:45:09', '2016-02-18 08:45:51', null, '0');
INSERT INTO `tea_users` VALUES ('35', '$2y$10$U7My5eDPiOFv9VZQeRcUru3pX.FeEKuWsdbRxWhodVSCnJKCMPWl.', 'parent@yopmail.com', '9598821', null, 'Parent Sample', 'phpGa1HuC.jpg', 'Ms.', 'Version II', '1', '5', '3', '8H378', '0', '2016-02-19 10:45:45', '2016-03-29 06:07:44', 'KYIN9vlcWZ8g21tiwHSL2otaAj1NBKMwpG6zLzdC2z1EiM9xzTWzyBmD4fAG', '0');
INSERT INTO `tea_users` VALUES ('37', '$2y$10$MQwz4US6oELJRTFkVNgageWSqdSuweCIXK7dJ295dYOP2WoYqV6vi', 'info@ikahrusintel.com', '10152893', null, 'Dad', 'Paolo-86396.jpg', 'Mr.', 'Catilo', '0', '15', '3', '6650V', '0', '2016-02-22 01:24:56', '2016-02-23 19:56:26', 'Exhvqoc66impqPDNPxXSmijbHWgBSncGffS1ZPZK82sk4S998iKJRmHV56lg', '0');
INSERT INTO `tea_users` VALUES ('38', '$2y$10$6Mr8mFd.y0irVDWglTqh5unwdl.ZWRWD/0OLT7rq01VjEbOWuj06G', 'paolo@teachat.co', '10153213', null, 'Paolo', 'dp.png', 'Mr.', 'Catilo', '0', '14', '2', '92f87', '1', '2016-02-22 01:49:08', '2016-02-22 01:49:08', null, '0');
INSERT INTO `tea_users` VALUES ('39', '$2y$10$/Vvr75HoKxjxtZrO5K5EC.qvcL0wBb0QX2Tn.vn7riUGWrqwCLAuC', 'p.alejandro.catilo@gmail.com', '10153237', null, 'Paolo', 'Paolo-42903.jpg', 'Mr.', 'Catilo', '0', '15', '2', '591h9', '0', '2016-02-22 01:50:51', '2016-03-10 13:20:47', 'RQknLS65arBDeiFwK5cARNTT5tHhzOFExbcA3UEv2kdNzQdye9hSO62uwpZ1', '0');
INSERT INTO `tea_users` VALUES ('40', '$2y$10$YFlogu9oBwpug7zINTGK9uEYHkzko34v/CDnFEfuyyAA99peGK6Aa', 'carmela@incubixtech.com', '10179697', null, 'Carmela', 'Carmela-72239.png', 'Ms.', 'Baronda', '1', '15', '2', '5f472', '0', '2016-02-23 01:09:55', '2016-03-22 06:44:51', 'vmKlRvE6rSPmSHIAXMkXuKvktqBsqC4oZwwtBCdi19RCyO4uMIJKGJRngxW9', '0');
INSERT INTO `tea_users` VALUES ('42', '$2y$10$7F.koJ5TWSBXrNB8A1KvP.DH6LQ91BDs7zfi8HgTeiqfr.ZPLxMsu', 'carmela.baronda1337@gmail.com', '10179877', null, 'Mela', 'Mela-93636.jpg', 'Mrs.', 'Curtis', '1', '15', '3', '5526t', '0', '2016-02-23 01:24:02', '2016-03-22 02:49:40', 'KhukU1iLvu5xRKj3ISUN0CYGR6GnQypNxv0hoSkQu0udVKep9k1HIv9TevJQ', '0');
INSERT INTO `tea_users` VALUES ('43', '$2y$10$hAT0UqzQwd2z8RraM2mWQuBbXxnC/dzr8Y89ICNvScgPnaV.57K8y', 'alexanderpaul.jr@gmail.com', '10199977', null, 'Leala', 'phpgF9aj1.jpeg', 'Ms.', 'Catilo', '0', '15', '3', '08X48', '0', '2016-02-23 13:15:00', '2016-03-02 14:56:52', 'UfeKjwV8TRpulz4p7NWkjzXunmiD6U0wra1SpN1S7g77G4ItQGclq6pmV56J', '0');
INSERT INTO `tea_users` VALUES ('44', '$2y$10$W0Sb6VjVd6ZoLC/8oNuVF.NxNz8p3vR5PTA5WBeRG7ewdJQpZ/QC6', 'paolo.catilo@gmail.com', '10200031', null, 'P', 'P-90156.jpg', 'Mr.', 'Catilo', '0', '15', '2', '4072F', '0', '2016-02-23 13:17:27', '2016-02-23 13:32:50', 'dVtAjVrczwdrWMqOaftnC7esbGBRHWXUbvqenUrSfftZ8Js5GxOZ4aQbC0Bs', '0');
INSERT INTO `tea_users` VALUES ('47', '$2y$10$P//TgtFfhJNNcn13HnjtKObF9WdbrpUCZHIiJnaW9pJBiYdBPJjvK', 'j5berridge@gmail.com', '10204653', null, 'Josie', 'dp.png', 'Mrs.', 'Ross', '0', '15', '2', '96d19', '1', '2016-02-23 16:55:15', '2016-02-23 16:55:15', null, '0');
INSERT INTO `tea_users` VALUES ('51', '$2y$10$OEGA7m4zymOJ/YtxSf0Qn.zkwDiva6K2xA6N3j5vX1k54KgJ/kkjq', 'jerry.pabalan@gmail.com', '10222959', null, 'jerry', 'dp.png', 'Mr.', 'Pabalan', '0', '14', '3', '0h884', '0', '2016-02-24 03:08:21', '2016-02-24 03:45:05', 'KlandsIYz5FYvAmkl9MzznKcdEuLzfnxtHtRZF255Y92FA8SBjN8777ZP00a', '0');
INSERT INTO `tea_users` VALUES ('52', '$2y$10$gwDEvTYTQWXNUueNbBRawuJC53demhu4JisPHCiS8E.Tf0rvvQEKK', 'hilario.david1901@gmail.com', '10223603', null, 'Larry', 'dp.png', 'Mr.', 'David', '1', '14', '2', '1O259', '0', '2016-02-24 03:46:17', '2016-02-24 03:49:39', 'zpzOFg7apNhsxRVgBuhl87XSrYAOSaetqZpQCZXHxuvvB8G63yfb15H3HkfA', '0');
INSERT INTO `tea_users` VALUES ('53', '$2y$10$RxgZG6oUyvLnbodWqtQAX.OfaYBzJFNgpVH9IX6Qzr.5pMEWlnd/y', 'teacher@yopmail.com', '10279098', null, 'Teacher', 'Teacher-47070.jpg', 'Mr.', 'Version II', '0', '5', '2', '762R7', '0', '2016-02-25 06:17:50', '2016-03-29 06:47:23', 'qeyk1z5ey43giq8LpninLxtwAMV0DrcqAqh4XAOStYlOky5BqIluQKHrDt7m', '0');
INSERT INTO `tea_users` VALUES ('54', '$2y$10$rYj02LUwMvFAhVw6IOVBKuxX1rd2TUWD.t2EEBI0AQiP1YC1eIdwe', 'parent_v2@yopmail.com', '10279131', null, 'Parent', 'dp.png', 'Mr.', 'Version II', '1', '5', '3', '69L71', '0', '2016-02-25 06:19:52', '2016-02-25 06:20:32', null, '0');
INSERT INTO `tea_users` VALUES ('55', '$2y$10$LEA.QGodfn.tX1EEhSSBLu43rzhWCIYaOhihy9hvAwjLIfgQ0sIvW', 'teacher_test@yopmail.com', '10377663', null, 'Teacher Test', 'dp.png', 'Mr.', 'Version II', '0', '5', '2', '5B812', '0', '2016-02-29 01:53:04', '2016-02-29 02:18:05', 'W5r4wkqVRriuO4g7frCwKDBgmTP9PkzrcRD7FiVzGPqp1J00oRIRerIH3dO1', '0');
INSERT INTO `tea_users` VALUES ('58', '$2y$10$KWU16HUbTVLjWbUKrHFalOILw3l71b/CsSH8WW.ztFbUE9PZVVJ1G', 'info@teachat.co', '10382995', null, 'ReinSPAMtest ', 'dp.png', 'Mr.', 'ReinSPAMtest', '0', '1', '3', '3025r', '1', '2016-02-29 08:15:17', '2016-02-29 08:15:17', null, '0');
INSERT INTO `tea_users` VALUES ('61', '$2y$10$lPxYp0bSggbjoAaUiW/bne.2e6nYtjaYlvgslAGNn4pfW.j8B1JGy', 'louie.villena05@gmail.com', '10404228', null, 'Louie', 'dp.png', 'Mr.', 'Villena', '0', '1', '3', '338T7', '0', '2016-03-01 03:58:43', '2016-03-01 04:01:16', 'AtkUzPcYLtCmwbrwoAc2YYZb58gDPo7BA7dYWwcRTyp0hNrXWTbp0fzaxO2x', '0');
INSERT INTO `tea_users` VALUES ('63', '$2y$10$B5DX2H4PorBmeBYEWv/rSOByw9lDPHgJ6cDsCqaj9t/glzhC9xmji', 'rdMndza@yahoo.com', '10406382', null, 'Teacher', 'dp.png', 'Mr.', 'Test', '0', '5', '2', '43D62', '1', '2016-03-01 06:34:05', '2016-03-01 06:34:05', null, '0');
INSERT INTO `tea_users` VALUES ('64', '$2y$10$RP8TdR/8MR0T7Pyv6Hba.O4uha0Lsz2nSyyxmkGUmCE.2ULkAtEKC', 'rdMndza@yahoo.com.ph', '10406407', null, 'Teacher', 'dp.png', 'Mr.', 'Test', '0', '5', '2', '27B72', '1', '2016-03-01 06:35:42', '2016-03-01 06:35:42', null, '0');
INSERT INTO `tea_users` VALUES ('72', '$2y$10$JL5EPGyj.VaaLFpJnH6lA./jvEU2RVY9hEB3ixjuI3HAYZIjX7oHS', 'parent.testv2@yopmail.com', '10429367', null, 'Parent', 'dp.png', 'Mr.', 'Test II', '1', '5', '3', '43p94', '0', '2016-03-02 03:07:14', '2016-03-02 03:07:51', null, '0');
INSERT INTO `tea_users` VALUES ('73', '$2y$10$Dk1ZVGpQOLL6kV1nfBs.dO5sm0umJC3TuPPxBsxFBuUdE2Yyb8Hiy', 'paoloD@yopmail.com', '10429369', null, 'Paolo', 'phpsC0a3H.png', 'Mr.', 'Da Greate', '1', '5', '2', '936I9', '0', '2016-03-02 03:07:17', '2016-03-29 06:47:37', 'DszlJ3lp6K8AD9qhrCoG96zU80L9TTDl4paqBDvbbVWREzm68sVmnQSugTpW', '0');
INSERT INTO `tea_users` VALUES ('75', '$2y$10$0K3omc9SQJ/94Aht3q5hheOdSCDeKwqo4Jo7HY6xYoShLFlED4x7K', 'armando@incubixtech.com', '10429932', null, 'Boy', 'phpccVNeu.jpg', 'Mr.', 'Camara', '0', '14', '3', '39x20', '0', '2016-03-02 03:45:57', '2016-03-23 07:43:08', '8jatIAAVQFj29fXsZEif8a2jItaJP4EPlJQ3Qzt9TuwkcqUQUnj5s6tN5frL', '0');
INSERT INTO `tea_users` VALUES ('79', '$2y$10$LrwKyvJaEUs0pZbw9Uz3negcRNT8g1XCWkI.pbPq7sQZ7dTeyrxai', 'rjoriel@gmail.com', '10441329', null, 'RJ', 'dp.png', 'Mr.', 'Oriel', '1', '15', '2', 'j7596', '0', '2016-03-02 14:40:51', '2016-03-02 14:43:21', 'Kto7hfpXLqj8qGpF98c4y0nx1MA26NdflDYSCx48UhaRv3tubF4HSLxsxZhZ', '0');
INSERT INTO `tea_users` VALUES ('80', '$2y$10$MrewaTlJD2do75IXkn4gmOEd5vp98ZV26RQURPcnwrDPWrs6aWD8u', 'aa9922@yahoo.com', '10464337', null, 'Bobby', 'phpMROLs7.jpg', 'Mr.', 'Flayer', '0', '14', '2', '4E217', '0', '2016-03-03 01:16:14', '2016-03-14 09:55:38', 'YJXDIUoDR6ZEVS8htskZl96WP9Rw96kCnMUVIn51USGStI5D2257sDzGtHCs', '0');
INSERT INTO `tea_users` VALUES ('85', '$2y$10$lGDJ5tWb68H6nqDV6IwA9uDKP5lKF87JNi7IiZJDyDKVLXZ3k9pGe', 'a.alorro@yahoo.com', '10592924', null, 'Bebs', 'phpOzoek8.png', 'Mr.', 'Tapia', '1', '14', '3', '273J2', '0', '2016-03-07 02:24:23', '2016-03-18 10:51:03', null, '0');
INSERT INTO `tea_users` VALUES ('86', '$2y$10$U7My5eDPiOFv9VZQeRcUru3pX.FeEKuWsdbRxWhodVSCnJKCMPWl.', 'suAdmin@test.com', null, null, null, null, null, null, '0', null, '4', null, null, null, '2016-03-29 06:07:35', '7psmp5VNYPRVkPx6UILd3gzNplqMuGqyoZe19DpEQFuloHxLQZnM4OS49VjO', '0');
INSERT INTO `tea_users` VALUES ('87', '$2y$10$hoRSXnCNsyV6sBL4pvg2uu7oKekQh/EarcK3Li71wpVwMkNgCWLoC', 'test@teachat.co', '10666649', null, 'Frank Principal', 'dp.png', ' ', ' ', '1', '14', '1', 'o9662', '0', '2016-03-09 06:26:41', '2016-03-15 09:28:57', 'BmDNxBrxrCi6hlUyrzqmVd5pxVMn3RlS1krzPzLP9gcJK1Bd7UJ8l3A48BSW', '0');
INSERT INTO `tea_users` VALUES ('91', '$2y$10$QePfCka17BeACWfkbH3houYWkQcbu1/zLZvobL4gi5if50AW4Onae', 'admin@teachat.co', '10716226', null, 'Joey Escalera', 'dp.png', ' ', ' ', '0', '17', '1', 's1285', '0', '2016-03-10 11:20:37', '2016-03-16 03:49:58', '415eOXNI5V6MU1n3ybuJH8BdS65lXlRLgEuqA85XGscYu9sLEOD5wT9Nr7SL', '0');
INSERT INTO `tea_users` VALUES ('92', '$2y$10$U7My5eDPiOFv9VZQeRcUru3pX.FeEKuWsdbRxWhodVSCnJKCMPWl.', 'support@teachat.co', '10810076', null, 'Support Teachat', 'dp.png', ' ', ' ', '0', '14', '1', 'K5281', '0', '2016-03-14 08:50:39', '2016-03-29 06:40:11', 'r39FY3tENdf0WOjJPQ8xc1AenKybJKL2JKyeMOSTLtYlqlYiGddxmKad21NS', '0');
INSERT INTO `tea_users` VALUES ('94', '$2y$10$FjGy.qXguhgIW/1V0PZ24OtC7hCLBr8s5cMozwtRDwgvTpmIBeoeW', 'alorro@incubixtech.com', '10880327', null, 'Army', 'php6vMBm8.png', 'Mr.', 'Ranger', '0', '17', '3', '77W85', '0', '2016-03-16 02:34:47', '2016-03-22 04:10:53', 'hUYNxX5Jget4QOPbH4R6xfhSyGVfkX7GTYn7WOOmT9GVE5xDWQQ7hwJmRz1Y', '0');
INSERT INTO `tea_users` VALUES ('95', '$2y$10$8qLjOdcFUl.wSSb2Wb7/R.dQ2/GnNBoH7465nfoUhnoJkdhC4QZjy', 'rein@gigsplash.com', '11011128', null, 'ReinVideoTest', 'dp.png', 'Ms.', 'ReinVideoTest', '0', '2', '2', '7767r', '0', '2016-03-21 04:48:37', '2016-03-21 04:50:24', null, '0');
INSERT INTO `tea_users` VALUES ('96', '$2y$10$NOUTwlmVKBjzmJ.qC8u1x.cr/2WdGPdjeQjiWzH3qdX92h4587zLW', 'rein@incubixtech.com', '11011183', null, 'ReinVideoTest', 'dp.png', 'Mr.', 'ReinSPAMtest', '0', '2', '2', '1I220', '1', '2016-03-21 04:53:16', '2016-03-21 04:53:16', null, '0');
INSERT INTO `tea_users` VALUES ('97', '$2y$10$M723lNKoCeMioR4Cm3v0genOfywEIO8OhfHbK6xxvknwR0UdE8yOC', 'teacher@yopmail.com', '11011242', null, 'Sample', 'dp.png', 'Mr.', 'Sample', '1', '6', '2', '553d7', '1', '2016-03-21 04:56:29', '2016-03-29 06:40:19', null, '0');
INSERT INTO `tea_users` VALUES ('98', '$2y$10$QJWfAmpk6.lkoT0wcqSB7eYPJHoArZHNdqkFPXYNZjCovVETryN7q', 'info@gigsplash.com', '11011261', null, 'ReinVideoTest', 'dp.png', 'Mr.', 'retert', '0', '15', '2', 'd2065', '1', '2016-03-21 04:58:09', '2016-03-21 04:58:09', null, '0');
INSERT INTO `tea_users` VALUES ('99', '$2y$10$s3/c8hwlRex/QaSLRgpMA.kWOVmdfG2xQ.n9eWqWU4a8J/zUzgbFW', 'teacher.test.v2@yopmail.com', '11011272', null, 'Sample', 'dp.png', 'Mr.', 'Sample', '0', '6', '2', '6t915', '1', '2016-03-21 04:59:34', '2016-03-21 04:59:34', null, '0');
INSERT INTO `tea_users` VALUES ('100', '$2y$10$EljBqr6q2RxhW66e30LExeQN9nSJjb01AQO64mc4klAKRzcBODMSK', 'reintestemail@gmail.com', '11011296', null, 'ReinVideoTest', 'dp.png', 'Ms.', 'ReinSPAMtest', '0', '15', '2', 'o2311', '0', '2016-03-21 05:01:27', '2016-03-21 05:11:43', 'YFsnSsOG6poOS6KLaF8zDvsRXr7ffgi3hlZe536cbYW7OfyWZFMKI5uBbj9v', '0');
INSERT INTO `tea_users` VALUES ('101', '$2y$10$TC/iVmMffWF5JGCeCYJil.UgkPaDMaziGdUU4Vtd17Th28ji9nq.q', 'tatianayokoyama@gmail.com', '11066864', null, 'Tatiana', 'dp.png', null, 'Bui', '0', '17', '2', '8236f', '0', '2016-03-23 07:54:18', '2016-03-23 22:03:56', null, '0');

-- ----------------------------
-- Table structure for tea_user_role
-- ----------------------------
DROP TABLE IF EXISTS `tea_user_role`;
CREATE TABLE `tea_user_role` (
  `id` int(11) NOT NULL AUTO_INCREMENT,
  `role` varchar(50) DEFAULT NULL,
  `created_at` datetime DEFAULT NULL,
  `updated_at` datetime DEFAULT NULL,
  PRIMARY KEY (`id`)
) ENGINE=InnoDB AUTO_INCREMENT=5 DEFAULT CHARSET=latin1;

-- ----------------------------
-- Records of tea_user_role
-- ----------------------------
INSERT INTO `tea_user_role` VALUES ('1', 'Admin', '2015-12-02 11:23:50', '2015-12-02 11:23:51');
INSERT INTO `tea_user_role` VALUES ('2', 'Teacher', '2015-12-02 11:24:09', '2015-12-02 11:24:10');
INSERT INTO `tea_user_role` VALUES ('3', 'Parent', '2015-12-02 11:24:19', '2015-12-02 11:24:20');
INSERT INTO `tea_user_role` VALUES ('4', 'SU', '2016-03-07 15:54:01', '2016-03-07 15:54:05');
